Entity,Code,Year,Share of male adults who smoke or use tobacco (age-standardized)
Afghanistan,AFG,2000,58.6
Afghanistan,AFG,2005,53.1
Afghanistan,AFG,2007,51
Afghanistan,AFG,2010,48.3
Afghanistan,AFG,2015,43.8
Afghanistan,AFG,2020,40
Afghanistan,AFG,2021,39.3
Afghanistan,AFG,2022,38.7
Africa,,2000,31.470354
Africa,,2005,28.150106
Africa,,2007,27.020191
Africa,,2010,25.423079
Africa,,2015,23.20449
Africa,,2020,21.395023
Africa,,2021,21.07118
Africa,,2022,20.765821
Albania,ALB,2000,59.6
Albania,ALB,2005,53.6
Albania,ALB,2007,51.3
Albania,ALB,2010,48.3
Albania,ALB,2015,43.5
Albania,ALB,2020,39.5
Albania,ALB,2021,38.5
Albania,ALB,2022,37.8
Algeria,DZA,2000,43.9
Algeria,DZA,2005,43.1
Algeria,DZA,2007,43
Algeria,DZA,2010,42.3
Algeria,DZA,2015,41.7
Algeria,DZA,2020,41.7
Algeria,DZA,2021,41.7
Algeria,DZA,2022,41.8
Andorra,AND,2000,43.6
Andorra,AND,2005,41.3
Andorra,AND,2007,40.4
Andorra,AND,2010,39.2
Andorra,AND,2015,37.2
Andorra,AND,2020,35.3
Andorra,AND,2021,35
Andorra,AND,2022,34.8
Argentina,ARG,2000,40
Argentina,ARG,2005,37.2
Argentina,ARG,2007,35.9
Argentina,ARG,2010,34.2
Argentina,ARG,2015,31.8
Argentina,ARG,2020,29.5
Argentina,ARG,2021,28.9
Argentina,ARG,2022,28.5
Armenia,ARM,2000,62.6
Armenia,ARM,2005,59.3
Armenia,ARM,2007,57.8
Armenia,ARM,2010,55.6
Armenia,ARM,2015,52.6
Armenia,ARM,2020,49.9
Armenia,ARM,2021,49
Armenia,ARM,2022,48.2
Asia,,2000,58.328926
Asia,,2005,54.15796
Asia,,2007,52.365013
Asia,,2010,50.042446
Asia,,2015,46.383522
Asia,,2020,43.21374
Asia,,2021,42.528614
Asia,,2022,42.01713
Australia,AUS,2000,26.5
Australia,AUS,2005,23.4
Australia,AUS,2007,22.2
Australia,AUS,2010,20.6
Australia,AUS,2015,18.1
Australia,AUS,2020,15.9
Australia,AUS,2021,15.6
Australia,AUS,2022,15.2
Austria,AUT,2000,58
Austria,AUT,2005,48.2
Austria,AUT,2007,44.7
Austria,AUT,2010,39.9
Austria,AUT,2015,33.3
Austria,AUT,2020,27.6
Austria,AUT,2021,26.7
Austria,AUT,2022,25.8
Azerbaijan,AZE,2000,57.3
Azerbaijan,AZE,2005,52
Azerbaijan,AZE,2007,50.2
Azerbaijan,AZE,2010,47.7
Azerbaijan,AZE,2015,43.8
Azerbaijan,AZE,2020,40.2
Azerbaijan,AZE,2021,39.6
Azerbaijan,AZE,2022,39
Bahamas,BHS,2000,19.4
Bahamas,BHS,2005,19.5
Bahamas,BHS,2007,19.5
Bahamas,BHS,2010,19.6
Bahamas,BHS,2015,20
Bahamas,BHS,2020,20.3
Bahamas,BHS,2021,20.3
Bahamas,BHS,2022,20.5
Bahrain,BHR,2000,36.4
Bahrain,BHR,2005,33.2
Bahrain,BHR,2007,32.2
Bahrain,BHR,2010,30.4
Bahrain,BHR,2015,28
Bahrain,BHR,2020,25.6
Bahrain,BHR,2021,25.3
Bahrain,BHR,2022,25
Bangladesh,BGD,2000,67.5
Bangladesh,BGD,2005,63.1
Bangladesh,BGD,2007,61.6
Bangladesh,BGD,2010,59.2
Bangladesh,BGD,2015,55.5
Bangladesh,BGD,2020,51.7
Bangladesh,BGD,2021,51.3
Bangladesh,BGD,2022,50.5
Barbados,BRB,2000,15.3
Barbados,BRB,2005,14.5
Barbados,BRB,2007,14.1
Barbados,BRB,2010,13.7
Barbados,BRB,2015,13
Barbados,BRB,2020,12.4
Barbados,BRB,2021,12.2
Barbados,BRB,2022,12.2
Belarus,BLR,2000,70
Belarus,BLR,2005,63.9
Belarus,BLR,2007,61.6
Belarus,BLR,2010,58
Belarus,BLR,2015,52.5
Belarus,BLR,2020,48.2
Belarus,BLR,2021,47.2
Belarus,BLR,2022,46.3
Belgium,BEL,2000,37.4
Belgium,BEL,2005,35.3
Belgium,BEL,2007,34.5
Belgium,BEL,2010,33.3
Belgium,BEL,2015,31.5
Belgium,BEL,2020,29.8
Belgium,BEL,2021,29.5
Belgium,BEL,2022,29
Belize,BLZ,2000,24.3
Belize,BLZ,2005,21.8
Belize,BLZ,2007,21
Belize,BLZ,2010,19.6
Belize,BLZ,2015,17.7
Belize,BLZ,2020,16.2
Belize,BLZ,2021,16
Belize,BLZ,2022,15.6
Benin,BEN,2000,30.3
Benin,BEN,2005,23.7
Benin,BEN,2007,21.6
Benin,BEN,2010,18.7
Benin,BEN,2015,14.7
Benin,BEN,2020,11.7
Benin,BEN,2021,11.2
Benin,BEN,2022,10.7
Bhutan,BTN,2000,36.5
Bhutan,BTN,2005,33.4
Bhutan,BTN,2007,32.6
Bhutan,BTN,2010,31.1
Bhutan,BTN,2015,28.8
Bhutan,BTN,2020,27
Bhutan,BTN,2021,26.5
Bhutan,BTN,2022,26.2
Bolivia,BOL,2000,41.1
Bolivia,BOL,2005,34.8
Bolivia,BOL,2007,32.5
Bolivia,BOL,2010,29.5
Bolivia,BOL,2015,25.2
Bolivia,BOL,2020,21.9
Bolivia,BOL,2021,21.1
Bolivia,BOL,2022,20.6
Bosnia and Herzegovina,BIH,2000,59.2
Bosnia and Herzegovina,BIH,2005,53.9
Bosnia and Herzegovina,BIH,2007,52.2
Bosnia and Herzegovina,BIH,2010,49.7
Bosnia and Herzegovina,BIH,2015,45.9
Bosnia and Herzegovina,BIH,2020,42.6
Bosnia and Herzegovina,BIH,2021,42
Bosnia and Herzegovina,BIH,2022,41.6
Botswana,BWA,2000,40.3
Botswana,BWA,2005,37.5
Botswana,BWA,2007,36.6
Botswana,BWA,2010,35.3
Botswana,BWA,2015,33
Botswana,BWA,2020,31
Botswana,BWA,2021,30.5
Botswana,BWA,2022,30.2
Brazil,BRA,2000,29.4
Brazil,BRA,2005,25.3
Brazil,BRA,2007,23.6
Brazil,BRA,2010,21.7
Brazil,BRA,2015,18.7
Brazil,BRA,2020,16.3
Brazil,BRA,2021,15.8
Brazil,BRA,2022,15.4
Brunei,BRN,2000,29.3
Brunei,BRN,2005,29.4
Brunei,BRN,2007,29.5
Brunei,BRN,2010,29.5
Brunei,BRN,2015,30
Brunei,BRN,2020,30.4
Brunei,BRN,2021,30.5
Brunei,BRN,2022,30.7
Bulgaria,BGR,2000,59.1
Bulgaria,BGR,2005,53.8
Bulgaria,BGR,2007,52
Bulgaria,BGR,2010,49.4
Bulgaria,BGR,2015,45.3
Bulgaria,BGR,2020,41.8
Bulgaria,BGR,2021,41.1
Bulgaria,BGR,2022,40.3
Burkina Faso,BFA,2000,36.8
Burkina Faso,BFA,2005,32.7
Burkina Faso,BFA,2007,31.4
Burkina Faso,BFA,2010,29
Burkina Faso,BFA,2015,26
Burkina Faso,BFA,2020,23.4
Burkina Faso,BFA,2021,23
Burkina Faso,BFA,2022,22.5
Burundi,BDI,2000,32.6
Burundi,BDI,2005,27.6
Burundi,BDI,2007,26.2
Burundi,BDI,2010,23.9
Burundi,BDI,2015,20.6
Burundi,BDI,2020,18.1
Burundi,BDI,2021,17.6
Burundi,BDI,2022,17.1
Cambodia,KHM,2000,60.5
Cambodia,KHM,2005,51.9
Cambodia,KHM,2007,48.1
Cambodia,KHM,2010,43.6
Cambodia,KHM,2015,36.5
Cambodia,KHM,2020,30.6
Cambodia,KHM,2021,29.8
Cambodia,KHM,2022,28.7
Cameroon,CMR,2000,27
Cameroon,CMR,2005,22.1
Cameroon,CMR,2007,20.4
Cameroon,CMR,2010,18.2
Cameroon,CMR,2015,15
Cameroon,CMR,2020,12.5
Cameroon,CMR,2021,12.1
Cameroon,CMR,2022,11.7
Canada,CAN,2000,30.7
Canada,CAN,2005,25.8
Canada,CAN,2007,23.9
Canada,CAN,2010,21.6
Canada,CAN,2015,18.2
Canada,CAN,2020,15.3
Canada,CAN,2021,14.8
Canada,CAN,2022,14.3
Cape Verde,CPV,2000,27.3
Cape Verde,CPV,2005,24.3
Cape Verde,CPV,2007,23.1
Cape Verde,CPV,2010,21.7
Cape Verde,CPV,2015,19.5
Cape Verde,CPV,2020,17.5
Cape Verde,CPV,2021,17
Cape Verde,CPV,2022,16.7
Chad,TCD,2000,18.5
Chad,TCD,2005,17
Chad,TCD,2007,16.5
Chad,TCD,2010,15.7
Chad,TCD,2015,14.6
Chad,TCD,2020,13.6
Chad,TCD,2021,13.4
Chad,TCD,2022,13.2
Chile,CHL,2000,51.4
Chile,CHL,2005,45.6
Chile,CHL,2007,43.6
Chile,CHL,2010,40.7
Chile,CHL,2015,36.3
Chile,CHL,2020,32.3
Chile,CHL,2021,31.7
Chile,CHL,2022,30.8
China,CHN,2000,50.7
China,CHN,2005,49.3
China,CHN,2007,48.7
China,CHN,2010,48
China,CHN,2015,46.7
China,CHN,2020,45.6
China,CHN,2021,45.2
China,CHN,2022,45.1
Colombia,COL,2000,22.8
Colombia,COL,2005,19.5
Colombia,COL,2007,18.3
Colombia,COL,2010,16.8
Colombia,COL,2015,14.5
Colombia,COL,2020,12.6
Colombia,COL,2021,12.3
Colombia,COL,2022,12
Comoros,COM,2000,43.8
Comoros,COM,2005,39.1
Comoros,COM,2007,37.8
Comoros,COM,2010,35.2
Comoros,COM,2015,31.8
Comoros,COM,2020,28.9
Comoros,COM,2021,28.3
Comoros,COM,2022,27.7
Congo,COG,2000,19
Congo,COG,2005,20.7
Congo,COG,2007,21.3
Congo,COG,2010,22.5
Congo,COG,2015,24.8
Congo,COG,2020,27.5
Congo,COG,2021,28.2
Congo,COG,2022,28.8
Cook Islands,COK,2000,44.5
Cook Islands,COK,2005,41.3
Cook Islands,COK,2007,40.1
Cook Islands,COK,2010,38.3
Cook Islands,COK,2015,35.6
Cook Islands,COK,2020,32.9
Cook Islands,COK,2021,32.3
Cook Islands,COK,2022,31.8
Costa Rica,CRI,2000,25.1
Costa Rica,CRI,2005,21.7
Costa Rica,CRI,2007,20.4
Costa Rica,CRI,2010,18.7
Costa Rica,CRI,2015,16
Costa Rica,CRI,2020,13.9
Costa Rica,CRI,2021,13.6
Costa Rica,CRI,2022,13.2
Cote d'Ivoire,CIV,2000,38.5
Cote d'Ivoire,CIV,2005,31.3
Cote d'Ivoire,CIV,2007,28.9
Cote d'Ivoire,CIV,2010,25.9
Cote d'Ivoire,CIV,2015,21.6
Cote d'Ivoire,CIV,2020,18
Cote d'Ivoire,CIV,2021,17.4
Cote d'Ivoire,CIV,2022,16.9
Croatia,HRV,2000,42.1
Croatia,HRV,2005,40.8
Croatia,HRV,2007,40.3
Croatia,HRV,2010,39.4
Croatia,HRV,2015,38.4
Croatia,HRV,2020,37.3
Croatia,HRV,2021,37
Croatia,HRV,2022,36.7
Cuba,CUB,2000,49.4
Cuba,CUB,2005,42.2
Cuba,CUB,2007,39.9
Cuba,CUB,2010,36.6
Cuba,CUB,2015,31.3
Cuba,CUB,2020,26.9
Cuba,CUB,2021,26.2
Cuba,CUB,2022,25.3
Cyprus,CYP,2000,63.6
Cyprus,CYP,2005,59
Cyprus,CYP,2007,57.5
Cyprus,CYP,2010,55.2
Cyprus,CYP,2015,51.4
Cyprus,CYP,2020,48.3
Cyprus,CYP,2021,47.8
Cyprus,CYP,2022,47.2
Czechia,CZE,2000,41.4
Czechia,CZE,2005,39.6
Czechia,CZE,2007,38.7
Czechia,CZE,2010,37.6
Czechia,CZE,2015,35.6
Czechia,CZE,2020,34.1
Czechia,CZE,2021,33.9
Czechia,CZE,2022,33.4
Democratic Republic of Congo,COD,2000,36.3
Democratic Republic of Congo,COD,2005,31.7
Democratic Republic of Congo,COD,2007,30
Democratic Republic of Congo,COD,2010,27.9
Democratic Republic of Congo,COD,2015,24.8
Democratic Republic of Congo,COD,2020,22.4
Democratic Republic of Congo,COD,2021,21.9
Democratic Republic of Congo,COD,2022,21.6
Denmark,DNK,2000,40.9
Denmark,DNK,2005,33.3
Denmark,DNK,2007,30.7
Denmark,DNK,2010,26.9
Denmark,DNK,2015,21.9
Denmark,DNK,2020,17.8
Denmark,DNK,2021,17.1
Denmark,DNK,2022,16.4
Dominican Republic,DOM,2000,21.5
Dominican Republic,DOM,2005,19.6
Dominican Republic,DOM,2007,18.9
Dominican Republic,DOM,2010,17.9
Dominican Republic,DOM,2015,16.3
Dominican Republic,DOM,2020,14.9
Dominican Republic,DOM,2021,14.7
Dominican Republic,DOM,2022,14.4
East Timor,TLS,2000,84.4
East Timor,TLS,2005,81.2
East Timor,TLS,2007,79.7
East Timor,TLS,2010,77.3
East Timor,TLS,2015,72.9
East Timor,TLS,2020,68.7
East Timor,TLS,2021,67.8
East Timor,TLS,2022,67
Ecuador,ECU,2000,22.9
Ecuador,ECU,2005,21.5
Ecuador,ECU,2007,21
Ecuador,ECU,2010,20.3
Ecuador,ECU,2015,19.2
Ecuador,ECU,2020,18.1
Ecuador,ECU,2021,18
Ecuador,ECU,2022,17.8
Egypt,EGY,2000,38
Egypt,EGY,2005,40.4
Egypt,EGY,2007,41.3
Egypt,EGY,2010,42.6
Egypt,EGY,2015,45.1
Egypt,EGY,2020,48
Egypt,EGY,2021,48.6
Egypt,EGY,2022,49.1
El Salvador,SLV,2000,27.1
El Salvador,SLV,2005,23.8
El Salvador,SLV,2007,22.7
El Salvador,SLV,2010,21
El Salvador,SLV,2015,18.7
El Salvador,SLV,2020,16.6
El Salvador,SLV,2021,16.2
El Salvador,SLV,2022,15.9
Estonia,EST,2000,64.4
Estonia,EST,2005,55.4
Estonia,EST,2007,52.5
Estonia,EST,2010,47.8
Estonia,EST,2015,41.4
Estonia,EST,2020,35.7
Estonia,EST,2021,34.7
Estonia,EST,2022,33.8
Eswatini,SWZ,2000,19.7
Eswatini,SWZ,2005,18.9
Eswatini,SWZ,2007,18.8
Eswatini,SWZ,2010,18.5
Eswatini,SWZ,2015,18.1
Eswatini,SWZ,2020,17.6
Eswatini,SWZ,2021,17.6
Eswatini,SWZ,2022,17.4
Ethiopia,ETH,2000,11
Ethiopia,ETH,2005,10.4
Ethiopia,ETH,2007,10.2
Ethiopia,ETH,2010,10
Ethiopia,ETH,2015,9.5
Ethiopia,ETH,2020,9.2
Ethiopia,ETH,2021,9.1
Ethiopia,ETH,2022,9
Europe,,2000,45.993843
Europe,,2005,41.904884
Europe,,2007,40.444607
Europe,,2010,38.22841
Europe,,2015,34.901577
Europe,,2020,31.956942
Europe,,2021,31.409143
Europe,,2022,30.863003
Fiji,FJI,2000,50.5
Fiji,FJI,2005,48.3
Fiji,FJI,2007,47.5
Fiji,FJI,2010,46.3
Fiji,FJI,2015,44.4
Fiji,FJI,2020,42.7
Fiji,FJI,2021,42.5
Fiji,FJI,2022,42
Finland,FIN,2000,49.1
Finland,FIN,2005,42.6
Finland,FIN,2007,40.2
Finland,FIN,2010,37
Finland,FIN,2015,31.9
Finland,FIN,2020,27.7
Finland,FIN,2021,26.8
Finland,FIN,2022,26.1
France,FRA,2000,39.3
France,FRA,2005,38.2
France,FRA,2007,37.8
France,FRA,2010,37.3
France,FRA,2015,36.6
France,FRA,2020,35.8
France,FRA,2021,35.6
France,FRA,2022,35.5
Gambia,GMB,2000,43.1
Gambia,GMB,2005,36.2
Gambia,GMB,2007,33.8
Gambia,GMB,2010,30.1
Gambia,GMB,2015,25.6
Gambia,GMB,2020,21.6
Gambia,GMB,2021,20.9
Gambia,GMB,2022,20.3
Georgia,GEO,2000,61.2
Georgia,GEO,2005,59.7
Georgia,GEO,2007,59.4
Georgia,GEO,2010,58.5
Georgia,GEO,2015,57.2
Georgia,GEO,2020,56.3
Georgia,GEO,2021,56.1
Georgia,GEO,2022,55.9
Germany,DEU,2000,40.8
Germany,DEU,2005,35.9
Germany,DEU,2007,34.3
Germany,DEU,2010,31.7
Germany,DEU,2015,27.7
Germany,DEU,2020,24.5
Germany,DEU,2021,23.8
Germany,DEU,2022,23.2
Ghana,GHA,2000,13.1
Ghana,GHA,2005,11.1
Ghana,GHA,2007,10.4
Ghana,GHA,2010,9.5
Ghana,GHA,2015,8.1
Ghana,GHA,2020,6.9
Ghana,GHA,2021,6.7
Ghana,GHA,2022,6.5
Greece,GRC,2000,67.1
Greece,GRC,2005,57.7
Greece,GRC,2007,54.4
Greece,GRC,2010,49.5
Greece,GRC,2015,42.9
Greece,GRC,2020,37
Greece,GRC,2021,35.8
Greece,GRC,2022,35
Guatemala,GTM,2000,24.9
Guatemala,GTM,2005,24.1
Guatemala,GTM,2007,23.9
Guatemala,GTM,2010,23.6
Guatemala,GTM,2015,22.9
Guatemala,GTM,2020,22.5
Guatemala,GTM,2021,22.3
Guatemala,GTM,2022,22.2
Guinea-Bissau,GNB,2000,39.5
Guinea-Bissau,GNB,2005,31.7
Guinea-Bissau,GNB,2007,29
Guinea-Bissau,GNB,2010,25.5
Guinea-Bissau,GNB,2015,20.8
Guinea-Bissau,GNB,2020,17.2
Guinea-Bissau,GNB,2021,16.5
Guinea-Bissau,GNB,2022,15.9
Guyana,GUY,2000,56.9
Guyana,GUY,2005,44.7
Guyana,GUY,2007,40.7
Guyana,GUY,2010,35.3
Guyana,GUY,2015,27.7
Guyana,GUY,2020,22.1
Guyana,GUY,2021,21
Guyana,GUY,2022,20
Haiti,HTI,2000,17.1
Haiti,HTI,2005,16.2
Haiti,HTI,2007,15.9
Haiti,HTI,2010,15.3
Haiti,HTI,2015,14.6
Haiti,HTI,2020,13.9
Haiti,HTI,2021,13.8
Haiti,HTI,2022,13.7
High-income countries,,2000,43.294975
High-income countries,,2005,39.18369
High-income countries,,2007,37.744297
High-income countries,,2010,35.57685
High-income countries,,2015,32.43854
High-income countries,,2020,29.78114
High-income countries,,2021,29.307388
High-income countries,,2022,28.791164
Honduras,HND,2000,31
Honduras,HND,2005,28.8
Honduras,HND,2007,28
Honduras,HND,2010,26.7
Honduras,HND,2015,24.9
Honduras,HND,2020,23.5
Honduras,HND,2021,23.3
Honduras,HND,2022,22.9
Hungary,HUN,2000,43.2
Hungary,HUN,2005,41.5
Hungary,HUN,2007,40.8
Hungary,HUN,2010,39.9
Hungary,HUN,2015,38.4
Hungary,HUN,2020,36.7
Hungary,HUN,2021,36.6
Hungary,HUN,2022,36.3
Iceland,ISL,2000,34
Iceland,ISL,2005,25.3
Iceland,ISL,2007,22.5
Iceland,ISL,2010,18.9
Iceland,ISL,2015,14.1
Iceland,ISL,2020,10.5
Iceland,ISL,2021,9.9
Iceland,ISL,2022,9.3
India,IND,2000,70.8
India,IND,2005,62.5
India,IND,2007,58.7
India,IND,2010,53.9
India,IND,2015,46.4
India,IND,2020,40
India,IND,2021,38.8
India,IND,2022,37.8
Indonesia,IDN,2000,62.9
Indonesia,IDN,2005,64.8
Indonesia,IDN,2007,65.8
Indonesia,IDN,2010,67.2
Indonesia,IDN,2015,69.8
Indonesia,IDN,2020,72.1
Indonesia,IDN,2021,72.4
Indonesia,IDN,2022,73.1
Iran,IRN,2000,35.9
Iran,IRN,2005,32.5
Iran,IRN,2007,31.2
Iran,IRN,2010,29.5
Iran,IRN,2015,26.8
Iran,IRN,2020,24.6
Iran,IRN,2021,24.1
Iran,IRN,2022,23.6
Iraq,IRQ,2000,37.4
Iraq,IRQ,2005,36.7
Iraq,IRQ,2007,36.7
Iraq,IRQ,2010,36.5
Iraq,IRQ,2015,36.4
Iraq,IRQ,2020,36.5
Iraq,IRQ,2021,36.7
Iraq,IRQ,2022,36.7
Ireland,IRL,2000,35.1
Ireland,IRL,2005,31.4
Ireland,IRL,2007,29.9
Ireland,IRL,2010,28
Ireland,IRL,2015,25.2
Ireland,IRL,2020,22.5
Ireland,IRL,2021,22.1
Ireland,IRL,2022,21.5
Israel,ISR,2000,39.2
Israel,ISR,2005,35.9
Israel,ISR,2007,34.7
Israel,ISR,2010,33.1
Israel,ISR,2015,30.2
Israel,ISR,2020,27.8
Israel,ISR,2021,27.3
Israel,ISR,2022,27
Italy,ITA,2000,33
Italy,ITA,2005,31.2
Italy,ITA,2007,30.4
Italy,ITA,2010,29.5
Italy,ITA,2015,27.9
Italy,ITA,2020,26.3
Italy,ITA,2021,26
Italy,ITA,2022,25.7
Jamaica,JAM,2000,25.5
Jamaica,JAM,2005,22.7
Jamaica,JAM,2007,21.7
Jamaica,JAM,2010,20.4
Jamaica,JAM,2015,18.3
Jamaica,JAM,2020,16.5
Jamaica,JAM,2021,16.2
Jamaica,JAM,2022,15.9
Japan,JPN,2000,52.4
Japan,JPN,2005,45.6
Japan,JPN,2007,43.1
Japan,JPN,2010,39.8
Japan,JPN,2015,34.6
Japan,JPN,2020,30.3
Japan,JPN,2021,29.5
Japan,JPN,2022,28.7
Jordan,JOR,2000,52.9
Jordan,JOR,2005,53.7
Jordan,JOR,2007,54
Jordan,JOR,2010,54.6
Jordan,JOR,2015,56
Jordan,JOR,2020,57
Jordan,JOR,2021,57.3
Jordan,JOR,2022,57.6
Kazakhstan,KAZ,2000,58.2
Kazakhstan,KAZ,2005,52.6
Kazakhstan,KAZ,2007,50.3
Kazakhstan,KAZ,2010,47.5
Kazakhstan,KAZ,2015,43.1
Kazakhstan,KAZ,2020,38.9
Kazakhstan,KAZ,2021,38.2
Kazakhstan,KAZ,2022,37.4
Kenya,KEN,2000,32.8
Kenya,KEN,2005,28.7
Kenya,KEN,2007,27.2
Kenya,KEN,2010,25.3
Kenya,KEN,2015,22.2
Kenya,KEN,2020,19.7
Kenya,KEN,2021,19.2
Kenya,KEN,2022,18.7
Kiribati,KIR,2000,82
Kiribati,KIR,2005,75.2
Kiribati,KIR,2007,71.9
Kiribati,KIR,2010,67.9
Kiribati,KIR,2015,60.8
Kiribati,KIR,2020,54.7
Kiribati,KIR,2021,53.7
Kiribati,KIR,2022,52.5
Kuwait,KWT,2000,37.1
Kuwait,KWT,2005,36.9
Kuwait,KWT,2007,36.8
Kuwait,KWT,2010,36.9
Kuwait,KWT,2015,37.1
Kuwait,KWT,2020,37.4
Kuwait,KWT,2021,37.5
Kuwait,KWT,2022,37.7
Kyrgyzstan,KGZ,2000,56.7
Kyrgyzstan,KGZ,2005,54.6
Kyrgyzstan,KGZ,2007,54.2
Kyrgyzstan,KGZ,2010,53.2
Kyrgyzstan,KGZ,2015,52.2
Kyrgyzstan,KGZ,2020,51.6
Kyrgyzstan,KGZ,2021,51.4
Kyrgyzstan,KGZ,2022,51.3
Laos,LAO,2000,70.4
Laos,LAO,2005,63.8
Laos,LAO,2007,61.2
Laos,LAO,2010,57.8
Laos,LAO,2015,52
Laos,LAO,2020,47.3
Laos,LAO,2021,46.1
Laos,LAO,2022,45.4
Latvia,LVA,2000,63.1
Latvia,LVA,2005,58.8
Latvia,LVA,2007,57.2
Latvia,LVA,2010,54.8
Latvia,LVA,2015,51.2
Latvia,LVA,2020,47.7
Latvia,LVA,2021,47.2
Latvia,LVA,2022,46.6
Lebanon,LBN,2000,41.3
Lebanon,LBN,2005,41.5
Lebanon,LBN,2007,41.7
Lebanon,LBN,2010,41.7
Lebanon,LBN,2015,42.1
Lebanon,LBN,2020,42.7
Lebanon,LBN,2021,42.8
Lebanon,LBN,2022,42.9
Lesotho,LSO,2000,47
Lesotho,LSO,2005,46.2
Lesotho,LSO,2007,45.5
Lesotho,LSO,2010,45.3
Lesotho,LSO,2015,44.6
Lesotho,LSO,2020,44.2
Lesotho,LSO,2021,44
Lesotho,LSO,2022,43.6
Liberia,LBR,2000,28.5
Liberia,LBR,2005,24.4
Liberia,LBR,2007,22.9
Liberia,LBR,2010,20.9
Liberia,LBR,2015,18
Liberia,LBR,2020,15.6
Liberia,LBR,2021,15.1
Liberia,LBR,2022,14.6
Lithuania,LTU,2000,59.8
Lithuania,LTU,2005,54.9
Lithuania,LTU,2007,53.1
Lithuania,LTU,2010,50.4
Lithuania,LTU,2015,46.4
Lithuania,LTU,2020,42.5
Lithuania,LTU,2021,41.8
Lithuania,LTU,2022,41.1
Low-income countries,,2000,34.714066
Low-income countries,,2005,30.476295
Low-income countries,,2007,28.943356
Low-income countries,,2010,26.917242
Low-income countries,,2015,24.003132
Low-income countries,,2020,21.532612
Low-income countries,,2021,21.06157
Low-income countries,,2022,20.63499
Lower-middle-income countries,,2000,60.956665
Lower-middle-income countries,,2005,54.257717
Lower-middle-income countries,,2007,51.39879
Lower-middle-income countries,,2010,47.596474
Lower-middle-income countries,,2015,41.86034
Lower-middle-income countries,,2020,36.90475
Lower-middle-income countries,,2021,35.96734
Lower-middle-income countries,,2022,35.12686
Luxembourg,LUX,2000,34.9
Luxembourg,LUX,2005,32.4
Luxembourg,LUX,2007,31.3
Luxembourg,LUX,2010,29.7
Luxembourg,LUX,2015,27.4
Luxembourg,LUX,2020,25.2
Luxembourg,LUX,2021,24.8
Luxembourg,LUX,2022,24.4
Madagascar,MDG,2000,57.8
Madagascar,MDG,2005,53.6
Madagascar,MDG,2007,52.2
Madagascar,MDG,2010,49.9
Madagascar,MDG,2015,46.9
Madagascar,MDG,2020,44
Madagascar,MDG,2021,43.4
Madagascar,MDG,2022,43
Malawi,MWI,2000,35.3
Malawi,MWI,2005,29.6
Malawi,MWI,2007,27.7
Malawi,MWI,2010,24.9
Malawi,MWI,2015,21
Malawi,MWI,2020,17.6
Malawi,MWI,2021,16.9
Malawi,MWI,2022,16.4
Malaysia,MYS,2000,56.3
Malaysia,MYS,2005,52.9
Malaysia,MYS,2007,51.5
Malaysia,MYS,2010,49.8
Malaysia,MYS,2015,46.7
Malaysia,MYS,2020,44.3
Malaysia,MYS,2021,43.5
Malaysia,MYS,2022,43.3
Maldives,MDV,2000,60.2
Maldives,MDV,2005,55.1
Maldives,MDV,2007,53.6
Maldives,MDV,2010,50.9
Maldives,MDV,2015,47.1
Maldives,MDV,2020,43.8
Maldives,MDV,2021,43.1
Maldives,MDV,2022,42.2
Mali,MLI,2000,28.9
Mali,MLI,2005,25
Mali,MLI,2007,23.4
Mali,MLI,2010,21.4
Mali,MLI,2015,18.5
Mali,MLI,2020,16
Mali,MLI,2021,15.5
Mali,MLI,2022,15.1
Malta,MLT,2000,41.5
Malta,MLT,2005,37.3
Malta,MLT,2007,36
Malta,MLT,2010,33.7
Malta,MLT,2015,30.3
Malta,MLT,2020,27.5
Malta,MLT,2021,26.9
Malta,MLT,2022,26.3
Marshall Islands,MHL,2000,45.5
Marshall Islands,MHL,2005,46.5
Marshall Islands,MHL,2007,47.3
Marshall Islands,MHL,2010,48
Marshall Islands,MHL,2015,49.4
Marshall Islands,MHL,2020,50.7
Marshall Islands,MHL,2021,51
Marshall Islands,MHL,2022,51.2
Mauritania,MRT,2000,36.8
Mauritania,MRT,2005,30.8
Mauritania,MRT,2007,28.6
Mauritania,MRT,2010,25.7
Mauritania,MRT,2015,21.5
Mauritania,MRT,2020,18.1
Mauritania,MRT,2021,17.4
Mauritania,MRT,2022,16.9
Mauritius,MUS,2000,46.1
Mauritius,MUS,2005,43.8
Mauritius,MUS,2007,43.4
Mauritius,MUS,2010,42.2
Mauritius,MUS,2015,40.8
Mauritius,MUS,2020,39.6
Mauritius,MUS,2021,39.1
Mauritius,MUS,2022,38.8
Mexico,MEX,2000,33.5
Mexico,MEX,2005,30.7
Mexico,MEX,2007,29.7
Mexico,MEX,2010,28.2
Mexico,MEX,2015,25.8
Mexico,MEX,2020,23.8
Mexico,MEX,2021,23.4
Mexico,MEX,2022,23
Moldova,MDA,2000,44.4
Moldova,MDA,2005,45.9
Moldova,MDA,2007,46.7
Moldova,MDA,2010,47.6
Moldova,MDA,2015,49.6
Moldova,MDA,2020,51.6
Moldova,MDA,2021,52
Moldova,MDA,2022,52.4
Mongolia,MNG,2000,57.9
Mongolia,MNG,2005,56.1
Mongolia,MNG,2007,55.5
Mongolia,MNG,2010,54.8
Mongolia,MNG,2015,53.3
Mongolia,MNG,2020,52.6
Mongolia,MNG,2021,51.9
Mongolia,MNG,2022,51.7
Montenegro,MNE,2000,40.9
Montenegro,MNE,2005,38
Montenegro,MNE,2007,37
Montenegro,MNE,2010,35.7
Montenegro,MNE,2015,33.6
Montenegro,MNE,2020,31.5
Montenegro,MNE,2021,31.3
Montenegro,MNE,2022,30.9
Morocco,MAR,2000,37.9
Morocco,MAR,2005,34.4
Morocco,MAR,2007,33
Morocco,MAR,2010,31.3
Morocco,MAR,2015,28.4
Morocco,MAR,2020,25.9
Morocco,MAR,2021,25.5
Morocco,MAR,2022,25
Myanmar,MMR,2000,82.3
Myanmar,MMR,2005,79.8
Myanmar,MMR,2007,78.4
Myanmar,MMR,2010,75.9
Myanmar,MMR,2015,73.4
Myanmar,MMR,2020,70.6
Myanmar,MMR,2021,69.9
Myanmar,MMR,2022,69.5
Namibia,NAM,2000,33.9
Namibia,NAM,2005,31
Namibia,NAM,2007,29.9
Namibia,NAM,2010,28.1
Namibia,NAM,2015,26
Namibia,NAM,2020,23.8
Namibia,NAM,2021,23.5
Namibia,NAM,2022,23
Nauru,NRU,2000,57.3
Nauru,NRU,2005,55.2
Nauru,NRU,2007,53.9
Nauru,NRU,2010,52.9
Nauru,NRU,2015,51
Nauru,NRU,2020,49.2
Nauru,NRU,2021,49
Nauru,NRU,2022,48.6
Nepal,NPL,2000,74.2
Nepal,NPL,2005,67.5
Nepal,NPL,2007,64.1
Nepal,NPL,2010,59.9
Nepal,NPL,2015,53.6
Nepal,NPL,2020,47.8
Nepal,NPL,2021,46.8
Nepal,NPL,2022,45.7
Netherlands,NLD,2000,37.2
Netherlands,NLD,2005,33.4
Netherlands,NLD,2007,32
Netherlands,NLD,2010,30.3
Netherlands,NLD,2015,27
Netherlands,NLD,2020,24.4
Netherlands,NLD,2021,23.9
Netherlands,NLD,2022,23.5
New Zealand,NZL,2000,31.2
New Zealand,NZL,2005,25.8
New Zealand,NZL,2007,23.8
New Zealand,NZL,2010,21.2
New Zealand,NZL,2015,17.5
New Zealand,NZL,2020,14.5
New Zealand,NZL,2021,14
New Zealand,NZL,2022,13.4
Niger,NER,2000,16.8
Niger,NER,2005,15.9
Niger,NER,2007,15.6
Niger,NER,2010,15.2
Niger,NER,2015,14.6
Niger,NER,2020,14.1
Niger,NER,2021,14
Niger,NER,2022,14
Nigeria,NGA,2000,19.3
Nigeria,NGA,2005,14.7
Nigeria,NGA,2007,13.2
Nigeria,NGA,2010,11.2
Nigeria,NGA,2015,8.6
Nigeria,NGA,2020,6.7
Nigeria,NGA,2021,6.4
Nigeria,NGA,2022,6.1
North America,,2000,35.55818
North America,,2005,32.93284
North America,,2007,32.085804
North America,,2010,30.607134
North America,,2015,28.595022
North America,,2020,26.754683
North America,,2021,26.467234
North America,,2022,25.992676
North Korea,PRK,2000,58.9
North Korea,PRK,2005,51.7
North Korea,PRK,2007,48.9
North Korea,PRK,2010,45.3
North Korea,PRK,2015,39.7
North Korea,PRK,2020,34.8
North Korea,PRK,2021,33.9
North Korea,PRK,2022,33
Norway,NOR,2000,46.1
Norway,NOR,2005,35.7
Norway,NOR,2007,32.4
Norway,NOR,2010,27.6
Norway,NOR,2015,21.3
Norway,NOR,2020,16.6
Norway,NOR,2021,15.7
Norway,NOR,2022,14.9
Oceania,,2000,35.371742
Oceania,,2005,32.48512
Oceania,,2007,31.290451
Oceania,,2010,29.675344
Oceania,,2015,27.262068
Oceania,,2020,25.042694
Oceania,,2021,24.76508
Oceania,,2022,24.3721
Oman,OMN,2000,14.3
Oman,OMN,2005,14.8
Oman,OMN,2007,14.9
Oman,OMN,2010,15.3
Oman,OMN,2015,15.7
Oman,OMN,2020,16.2
Oman,OMN,2021,16.4
Oman,OMN,2022,16.5
Pakistan,PAK,2000,57.9
Pakistan,PAK,2005,50.3
Pakistan,PAK,2007,47.6
Pakistan,PAK,2010,43.5
Pakistan,PAK,2015,37.6
Pakistan,PAK,2020,32.8
Pakistan,PAK,2021,31.7
Pakistan,PAK,2022,30.8
Palau,PLW,2000,38.4
Palau,PLW,2005,35.2
Palau,PLW,2007,34.1
Palau,PLW,2010,32.4
Palau,PLW,2015,30
Palau,PLW,2020,27.9
Palau,PLW,2021,27.6
Palau,PLW,2022,27.1
Panama,PAN,2000,22.5
Panama,PAN,2005,18
Panama,PAN,2007,16.4
Panama,PAN,2010,14.3
Panama,PAN,2015,11.6
Panama,PAN,2020,9.1
Panama,PAN,2021,8.8
Panama,PAN,2022,8.4
Papua New Guinea,PNG,2000,71
Papua New Guinea,PNG,2005,67
Papua New Guinea,PNG,2007,65.2
Papua New Guinea,PNG,2010,62.7
Papua New Guinea,PNG,2015,58.9
Papua New Guinea,PNG,2020,55.4
Papua New Guinea,PNG,2021,54.9
Papua New Guinea,PNG,2022,54.3
Paraguay,PRY,2000,44.4
Paraguay,PRY,2005,35.7
Paraguay,PRY,2007,32.8
Paraguay,PRY,2010,28.9
Paraguay,PRY,2015,23.4
Paraguay,PRY,2020,19
Paraguay,PRY,2021,18.3
Paraguay,PRY,2022,17.6
Peru,PER,2000,55.8
Peru,PER,2005,38.7
Peru,PER,2007,33.3
Peru,PER,2010,27
Peru,PER,2015,18.9
Peru,PER,2020,13.2
Peru,PER,2021,12.4
Peru,PER,2022,11.6
Philippines,PHL,2000,57.7
Philippines,PHL,2005,52
Philippines,PHL,2007,49.9
Philippines,PHL,2010,46.7
Philippines,PHL,2015,42.1
Philippines,PHL,2020,38.1
Philippines,PHL,2021,37.1
Philippines,PHL,2022,36.2
Poland,POL,2000,46.2
Poland,POL,2005,40.6
Poland,POL,2007,38.7
Poland,POL,2010,36
Poland,POL,2015,31.9
Poland,POL,2020,28.1
Poland,POL,2021,27.5
Poland,POL,2022,27.1
Portugal,PRT,2000,36.7
Portugal,PRT,2005,35.2
Portugal,PRT,2007,34.6
Portugal,PRT,2010,33.5
Portugal,PRT,2015,32.2
Portugal,PRT,2020,30.9
Portugal,PRT,2021,30.7
Portugal,PRT,2022,30.5
Qatar,QAT,2000,23
Qatar,QAT,2005,22.7
Qatar,QAT,2007,22.6
Qatar,QAT,2010,22.6
Qatar,QAT,2015,22.6
Qatar,QAT,2020,22.7
Qatar,QAT,2021,22.8
Qatar,QAT,2022,22.6
Romania,ROU,2000,48
Romania,ROU,2005,46
Romania,ROU,2007,44.9
Romania,ROU,2010,43.5
Romania,ROU,2015,41.3
Romania,ROU,2020,39.5
Romania,ROU,2021,39
Romania,ROU,2022,38.6
Russia,RUS,2000,53.4
Russia,RUS,2005,50.3
Russia,RUS,2007,49.3
Russia,RUS,2010,47.5
Russia,RUS,2015,44.7
Russia,RUS,2020,42
Russia,RUS,2021,41.5
Russia,RUS,2022,41.1
Rwanda,RWA,2000,34.4
Rwanda,RWA,2005,30.1
Rwanda,RWA,2007,28.7
Rwanda,RWA,2010,26.6
Rwanda,RWA,2015,24
Rwanda,RWA,2020,21.8
Rwanda,RWA,2021,21.4
Rwanda,RWA,2022,21
Saint Lucia,LCA,2000,33.1
Saint Lucia,LCA,2005,30.7
Saint Lucia,LCA,2007,29.8
Saint Lucia,LCA,2010,28.7
Saint Lucia,LCA,2015,26.9
Saint Lucia,LCA,2020,25.3
Saint Lucia,LCA,2021,25.2
Saint Lucia,LCA,2022,24.7
Samoa,WSM,2000,59.2
Samoa,WSM,2005,51.2
Samoa,WSM,2007,48.3
Samoa,WSM,2010,44.2
Samoa,WSM,2015,38.2
Samoa,WSM,2020,33.4
Samoa,WSM,2021,32.5
Samoa,WSM,2022,31.6
Sao Tome and Principe,STP,2000,10.7
Sao Tome and Principe,STP,2005,11.2
Sao Tome and Principe,STP,2007,11.4
Sao Tome and Principe,STP,2010,11.9
Sao Tome and Principe,STP,2015,12.5
Sao Tome and Principe,STP,2020,13.4
Sao Tome and Principe,STP,2021,13.5
Sao Tome and Principe,STP,2022,13.7
Saudi Arabia,SAU,2000,24.8
Saudi Arabia,SAU,2005,25.4
Saudi Arabia,SAU,2007,25.6
Saudi Arabia,SAU,2010,25.9
Saudi Arabia,SAU,2015,26.5
Saudi Arabia,SAU,2020,27.4
Saudi Arabia,SAU,2021,27.3
Saudi Arabia,SAU,2022,27.6
Senegal,SEN,2000,28.1
Senegal,SEN,2005,23.3
Senegal,SEN,2007,21.5
Senegal,SEN,2010,19.3
Senegal,SEN,2015,16
Senegal,SEN,2020,13.2
Senegal,SEN,2021,12.8
Senegal,SEN,2022,12.3
Serbia,SRB,2000,50.8
Serbia,SRB,2005,48.4
Serbia,SRB,2007,47.3
Serbia,SRB,2010,45.7
Serbia,SRB,2015,43.2
Serbia,SRB,2020,41
Serbia,SRB,2021,40.8
Serbia,SRB,2022,39.9
Seychelles,SYC,2000,43.9
Seychelles,SYC,2005,41.4
Seychelles,SYC,2007,40.6
Seychelles,SYC,2010,39.2
Seychelles,SYC,2015,37.2
Seychelles,SYC,2020,35.3
Seychelles,SYC,2021,35.1
Seychelles,SYC,2022,34.7
Sierra Leone,SLE,2000,65.3
Sierra Leone,SLE,2005,50.1
Sierra Leone,SLE,2007,45.1
Sierra Leone,SLE,2010,38.1
Sierra Leone,SLE,2015,28.8
Sierra Leone,SLE,2020,22.2
Sierra Leone,SLE,2021,20.9
Sierra Leone,SLE,2022,19.8
Singapore,SGP,2000,28.1
Singapore,SGP,2005,28.1
Singapore,SGP,2007,28
Singapore,SGP,2010,28
Singapore,SGP,2015,28
Singapore,SGP,2020,27.7
Singapore,SGP,2021,27.7
Singapore,SGP,2022,27.9
Slovakia,SVK,2000,43.8
Slovakia,SVK,2005,41.8
Slovakia,SVK,2007,41.1
Slovakia,SVK,2010,40
Slovakia,SVK,2015,38.3
Slovakia,SVK,2020,37
Slovakia,SVK,2021,36.6
Slovakia,SVK,2022,36.3
Slovenia,SVN,2000,28.3
Slovenia,SVN,2005,26.6
Slovenia,SVN,2007,25.9
Slovenia,SVN,2010,25.1
Slovenia,SVN,2015,23.7
Slovenia,SVN,2020,22.3
Slovenia,SVN,2021,22
Slovenia,SVN,2022,21.8
Solomon Islands,SLB,2000,60.4
Solomon Islands,SLB,2005,58.6
Solomon Islands,SLB,2007,57.9
Solomon Islands,SLB,2010,57.1
Solomon Islands,SLB,2015,55.4
Solomon Islands,SLB,2020,54.6
Solomon Islands,SLB,2021,54.5
Solomon Islands,SLB,2022,54.4
South Africa,ZAF,2000,35.7
South Africa,ZAF,2005,35.2
South Africa,ZAF,2007,35.2
South Africa,ZAF,2010,35
South Africa,ZAF,2015,35.2
South Africa,ZAF,2020,34.9
South Africa,ZAF,2021,34.9
South Africa,ZAF,2022,34.9
South America,,2000,33.513016
South America,,2005,28.46459
South America,,2007,26.553925
South America,,2010,24.28315
South America,,2015,20.937813
South America,,2020,18.230162
South America,,2021,17.713228
South America,,2022,17.26302
South Korea,KOR,2000,63.3
South Korea,KOR,2005,55
South Korea,KOR,2007,52
South Korea,KOR,2010,47.6
South Korea,KOR,2015,41.4
South Korea,KOR,2020,36
South Korea,KOR,2021,35
South Korea,KOR,2022,34.1
Spain,ESP,2000,42.4
Spain,ESP,2005,39
Spain,ESP,2007,38
Spain,ESP,2010,35.9
Spain,ESP,2015,33.1
Spain,ESP,2020,30.3
Spain,ESP,2021,29.9
Spain,ESP,2022,29.4
Sri Lanka,LKA,2000,51
Sri Lanka,LKA,2005,47.3
Sri Lanka,LKA,2007,46
Sri Lanka,LKA,2010,43.9
Sri Lanka,LKA,2015,40.7
Sri Lanka,LKA,2020,37.9
Sri Lanka,LKA,2021,37.3
Sri Lanka,LKA,2022,36.8
Sweden,SWE,2000,51.9
Sweden,SWE,2005,45.1
Sweden,SWE,2007,43
Sweden,SWE,2010,39.6
Sweden,SWE,2015,34.6
Sweden,SWE,2020,30.3
Sweden,SWE,2021,29.5
Sweden,SWE,2022,28.9
Switzerland,CHE,2000,32.9
Switzerland,CHE,2005,31.6
Switzerland,CHE,2007,31.3
Switzerland,CHE,2010,30.5
Switzerland,CHE,2015,29.6
Switzerland,CHE,2020,28.6
Switzerland,CHE,2021,28.5
Switzerland,CHE,2022,28.2
Tanzania,TZA,2000,48.2
Tanzania,TZA,2005,36.8
Tanzania,TZA,2007,33.3
Tanzania,TZA,2010,28.5
Tanzania,TZA,2015,21.9
Tanzania,TZA,2020,17
Tanzania,TZA,2021,16.1
Tanzania,TZA,2022,15.3
Thailand,THA,2000,49.2
Thailand,THA,2005,46.2
Thailand,THA,2007,44.5
Thailand,THA,2010,43
Thailand,THA,2015,40.2
Thailand,THA,2020,37.8
Thailand,THA,2021,37.2
Thailand,THA,2022,36.9
Togo,TGO,2000,26.2
Togo,TGO,2005,21.6
Togo,TGO,2007,19.9
Togo,TGO,2010,17.8
Togo,TGO,2015,14.8
Togo,TGO,2020,12.5
Togo,TGO,2021,12.1
Togo,TGO,2022,11.7
Tonga,TON,2000,52.8
Tonga,TON,2005,51.3
Tonga,TON,2007,50.7
Tonga,TON,2010,50.1
Tonga,TON,2015,48.6
Tonga,TON,2020,47.6
Tonga,TON,2021,47.1
Tonga,TON,2022,47
Tunisia,TUN,2000,55.1
Tunisia,TUN,2005,50.8
Tunisia,TUN,2007,49.6
Tunisia,TUN,2010,47.3
Tunisia,TUN,2015,43.8
Tunisia,TUN,2020,40.7
Tunisia,TUN,2021,40.3
Tunisia,TUN,2022,39.5
Turkey,TUR,2000,52.9
Turkey,TUR,2005,49.9
Turkey,TUR,2007,48.7
Turkey,TUR,2010,47.2
Turkey,TUR,2015,44.6
Turkey,TUR,2020,42.1
Turkey,TUR,2021,41.9
Turkey,TUR,2022,41.2
Turkmenistan,TKM,2000,28.8
Turkmenistan,TKM,2005,22.7
Turkmenistan,TKM,2007,20.7
Turkmenistan,TKM,2010,18
Turkmenistan,TKM,2015,14.4
Turkmenistan,TKM,2020,11.6
Turkmenistan,TKM,2021,11.1
Turkmenistan,TKM,2022,10.7
Tuvalu,TUV,2000,69.1
Tuvalu,TUV,2005,63.6
Tuvalu,TUV,2007,61.7
Tuvalu,TUV,2010,58.3
Tuvalu,TUV,2015,53.9
Tuvalu,TUV,2020,50
Tuvalu,TUV,2021,48.9
Tuvalu,TUV,2022,48.2
Uganda,UGA,2000,36.2
Uganda,UGA,2005,28.1
Uganda,UGA,2007,25.2
Uganda,UGA,2010,21.7
Uganda,UGA,2015,16.9
Uganda,UGA,2020,13.2
Uganda,UGA,2021,12.5
Uganda,UGA,2022,11.9
Ukraine,UKR,2000,62.4
Ukraine,UKR,2005,56.1
Ukraine,UKR,2007,53.4
Ukraine,UKR,2010,49.8
Ukraine,UKR,2015,44.8
Ukraine,UKR,2020,40.1
Ukraine,UKR,2021,39.4
Ukraine,UKR,2022,38.4
United Arab Emirates,ARE,2000,34.1
United Arab Emirates,ARE,2005,28.3
United Arab Emirates,ARE,2007,26.2
United Arab Emirates,ARE,2010,23.4
United Arab Emirates,ARE,2015,19.5
United Arab Emirates,ARE,2020,16.4
United Arab Emirates,ARE,2021,15.9
United Arab Emirates,ARE,2022,15.4
United Kingdom,GBR,2000,38.5
United Kingdom,GBR,2005,31.4
United Kingdom,GBR,2007,29.2
United Kingdom,GBR,2010,25.9
United Kingdom,GBR,2015,21.2
United Kingdom,GBR,2020,17.4
United Kingdom,GBR,2021,16.7
United Kingdom,GBR,2022,16.1
United States,USA,2000,37.8
United States,USA,2005,35.7
United States,USA,2007,35.1
United States,USA,2010,33.8
United States,USA,2015,32.2
United States,USA,2020,30.6
United States,USA,2021,30.4
United States,USA,2022,29.9
Upper-middle-income countries,,2000,48.33787
Upper-middle-income countries,,2005,46.30251
Upper-middle-income countries,,2007,45.50336
Upper-middle-income countries,,2010,44.53184
Upper-middle-income countries,,2015,42.964256
Upper-middle-income countries,,2020,41.63868
Upper-middle-income countries,,2021,41.283104
Upper-middle-income countries,,2022,41.134354
Uruguay,URY,2000,41.4
Uruguay,URY,2005,36.4
Uruguay,URY,2007,34.5
Uruguay,URY,2010,31.8
Uruguay,URY,2015,28.1
Uruguay,URY,2020,24.7
Uruguay,URY,2021,24
Uruguay,URY,2022,23.4
Uzbekistan,UZB,2000,53.9
Uzbekistan,UZB,2005,47.7
Uzbekistan,UZB,2007,45.6
Uzbekistan,UZB,2010,42.4
Uzbekistan,UZB,2015,38
Uzbekistan,UZB,2020,33.8
Uzbekistan,UZB,2021,33.2
Uzbekistan,UZB,2022,32.4
Vietnam,VNM,2000,57.2
Vietnam,VNM,2005,53.7
Vietnam,VNM,2007,52.3
Vietnam,VNM,2010,49.9
Vietnam,VNM,2015,47.1
Vietnam,VNM,2020,44.3
Vietnam,VNM,2021,43.7
Vietnam,VNM,2022,43
World,OWID_WRL,2000,50.659523
World,OWID_WRL,2005,46.676735
World,OWID_WRL,2007,45.058407
World,OWID_WRL,2010,42.865887
World,OWID_WRL,2015,39.4725
World,OWID_WRL,2020,36.4855
World,OWID_WRL,2021,35.878204
World,OWID_WRL,2022,35.371094
Yemen,YEM,2000,41
Yemen,YEM,2005,39.3
Yemen,YEM,2007,38.6
Yemen,YEM,2010,37.7
Yemen,YEM,2015,36.4
Yemen,YEM,2020,34.9
Yemen,YEM,2021,34.9
Yemen,YEM,2022,34.5
Zambia,ZMB,2000,30.3
Zambia,ZMB,2005,29
Zambia,ZMB,2007,28.7
Zambia,ZMB,2010,28.1
Zambia,ZMB,2015,26.9
Zambia,ZMB,2020,25.9
Zambia,ZMB,2021,25.9
Zambia,ZMB,2022,25.6
Zimbabwe,ZWE,2000,37.5
Zimbabwe,ZWE,2005,32.9
Zimbabwe,ZWE,2007,31.2
Zimbabwe,ZWE,2010,28.8
Zimbabwe,ZWE,2015,25.4
Zimbabwe,ZWE,2020,22.5
Zimbabwe,ZWE,2021,21.9
Zimbabwe,ZWE,2022,21.4