Entity,Code,Year,Share of female adults who smoke or use tobacco (age-standardized)
Afghanistan,AFG,2000,19.7
Afghanistan,AFG,2005,15.3
Afghanistan,AFG,2007,13.9
Afghanistan,AFG,2010,12
Afghanistan,AFG,2015,9.4
Afghanistan,AFG,2020,7.4
Afghanistan,AFG,2021,7.1
Afghanistan,AFG,2022,6.8
Africa,,2000,6.335807
Africa,,2005,4.864069
Africa,,2007,4.4036155
Africa,,2010,3.8081236
Africa,,2015,3.0011225
Africa,,2020,2.4032774
Africa,,2021,2.313208
Africa,,2022,2.2258887
Albania,ALB,2000,11.1
Albania,ALB,2005,9.6
Albania,ALB,2007,9.1
Albania,ALB,2010,8.4
Albania,ALB,2015,7.3
Albania,ALB,2020,6.4
Albania,ALB,2021,6.2
Albania,ALB,2022,6
Algeria,DZA,2000,2
Algeria,DZA,2005,1.5
Algeria,DZA,2007,1.4
Algeria,DZA,2010,1.2
Algeria,DZA,2015,0.9
Algeria,DZA,2020,0.7
Algeria,DZA,2021,0.7
Algeria,DZA,2022,0.7
Andorra,AND,2000,28.5
Andorra,AND,2005,30.3
Andorra,AND,2007,31
Andorra,AND,2010,32.2
Andorra,AND,2015,34.4
Andorra,AND,2020,36.7
Andorra,AND,2021,37.3
Andorra,AND,2022,37.9
Argentina,ARG,2000,28.5
Argentina,ARG,2005,25.9
Argentina,ARG,2007,25.1
Argentina,ARG,2010,23.7
Argentina,ARG,2015,21.5
Argentina,ARG,2020,19.7
Argentina,ARG,2021,19.4
Argentina,ARG,2022,19.1
Armenia,ARM,2000,2.6
Armenia,ARM,2005,2.3
Armenia,ARM,2007,2.2
Armenia,ARM,2010,2
Armenia,ARM,2015,1.8
Armenia,ARM,2020,1.6
Armenia,ARM,2021,1.6
Armenia,ARM,2022,1.5
Asia,,2000,17.711323
Asia,,2005,14.034183
Asia,,2007,12.785063
Asia,,2010,10.975532
Asia,,2015,8.703694
Asia,,2020,6.9245796
Asia,,2021,6.602926
Asia,,2022,6.3238077
Australia,AUS,2000,22.5
Australia,AUS,2005,19
Australia,AUS,2007,17.8
Australia,AUS,2010,16.2
Australia,AUS,2015,13.7
Australia,AUS,2020,11.5
Australia,AUS,2021,11.2
Australia,AUS,2022,10.9
Austria,AUT,2000,47.1
Austria,AUT,2005,40.5
Austria,AUT,2007,38
Austria,AUT,2010,34.6
Austria,AUT,2015,29.8
Austria,AUT,2020,25.5
Austria,AUT,2021,24.7
Austria,AUT,2022,24
Azerbaijan,AZE,2000,0.3
Azerbaijan,AZE,2005,0.3
Azerbaijan,AZE,2007,0.2
Azerbaijan,AZE,2010,0.2
Azerbaijan,AZE,2015,0.2
Azerbaijan,AZE,2020,0.1
Azerbaijan,AZE,2021,0.1
Azerbaijan,AZE,2022,0.1
Bahamas,BHS,2000,4.8
Bahamas,BHS,2005,4
Bahamas,BHS,2007,3.7
Bahamas,BHS,2010,3.3
Bahamas,BHS,2015,2.7
Bahamas,BHS,2020,2.3
Bahamas,BHS,2021,2.2
Bahamas,BHS,2022,2.1
Bahrain,BHR,2000,7.5
Bahrain,BHR,2005,6.7
Bahrain,BHR,2007,6.5
Bahrain,BHR,2010,6.1
Bahrain,BHR,2015,5.7
Bahrain,BHR,2020,5.2
Bahrain,BHR,2021,5.1
Bahrain,BHR,2022,5.1
Bangladesh,BGD,2000,48.6
Bangladesh,BGD,2005,38.3
Bangladesh,BGD,2007,34.4
Bangladesh,BGD,2010,29.2
Bangladesh,BGD,2015,22.3
Bangladesh,BGD,2020,17.1
Bangladesh,BGD,2021,16.2
Bangladesh,BGD,2022,15.4
Barbados,BRB,2000,3.7
Barbados,BRB,2005,3.1
Barbados,BRB,2007,2.9
Barbados,BRB,2010,2.6
Barbados,BRB,2015,2.2
Barbados,BRB,2020,1.9
Barbados,BRB,2021,1.8
Barbados,BRB,2022,1.7
Belarus,BLR,2000,15.5
Belarus,BLR,2005,15
Belarus,BLR,2007,14.9
Belarus,BLR,2010,14.7
Belarus,BLR,2015,14.3
Belarus,BLR,2020,14.1
Belarus,BLR,2021,14.1
Belarus,BLR,2022,13.9
Belgium,BEL,2000,24.5
Belgium,BEL,2005,24.5
Belgium,BEL,2007,24.4
Belgium,BEL,2010,24.6
Belgium,BEL,2015,24.5
Belgium,BEL,2020,24.6
Belgium,BEL,2021,24.5
Belgium,BEL,2022,24.5
Belize,BLZ,2000,3.2
Belize,BLZ,2005,2.8
Belize,BLZ,2007,2.7
Belize,BLZ,2010,2.5
Belize,BLZ,2015,2.2
Belize,BLZ,2020,2
Belize,BLZ,2021,1.9
Belize,BLZ,2022,1.9
Benin,BEN,2000,5
Benin,BEN,2005,3.9
Benin,BEN,2007,3.6
Benin,BEN,2010,3.2
Benin,BEN,2015,2.5
Benin,BEN,2020,2.1
Benin,BEN,2021,2
Benin,BEN,2022,1.9
Bhutan,BTN,2000,29.3
Bhutan,BTN,2005,23.4
Bhutan,BTN,2007,21.3
Bhutan,BTN,2010,18.7
Bhutan,BTN,2015,15
Bhutan,BTN,2020,12.1
Bhutan,BTN,2021,11.6
Bhutan,BTN,2022,11.1
Bolivia,BOL,2000,29.2
Bolivia,BOL,2005,18.4
Bolivia,BOL,2007,15.4
Bolivia,BOL,2010,11.8
Bolivia,BOL,2015,7.6
Bolivia,BOL,2020,4.9
Bolivia,BOL,2021,4.5
Bolivia,BOL,2022,4.2
Bosnia and Herzegovina,BIH,2000,34.8
Bosnia and Herzegovina,BIH,2005,33.5
Bosnia and Herzegovina,BIH,2007,33.1
Bosnia and Herzegovina,BIH,2010,32.5
Bosnia and Herzegovina,BIH,2015,31.6
Bosnia and Herzegovina,BIH,2020,31.1
Bosnia and Herzegovina,BIH,2021,30.8
Bosnia and Herzegovina,BIH,2022,30.9
Botswana,BWA,2000,29.9
Botswana,BWA,2005,21.4
Botswana,BWA,2007,18.9
Botswana,BWA,2010,15.5
Botswana,BWA,2015,11.2
Botswana,BWA,2020,8.2
Botswana,BWA,2021,7.7
Botswana,BWA,2022,7.2
Brazil,BRA,2000,18.3
Brazil,BRA,2005,15.4
Brazil,BRA,2007,14.4
Brazil,BRA,2010,13.1
Brazil,BRA,2015,11.1
Brazil,BRA,2020,9.5
Brazil,BRA,2021,9.1
Brazil,BRA,2022,8.9
Brunei,BRN,2000,5.1
Brunei,BRN,2005,4.2
Brunei,BRN,2007,3.8
Brunei,BRN,2010,3.4
Brunei,BRN,2015,2.8
Brunei,BRN,2020,2.3
Brunei,BRN,2021,2.2
Brunei,BRN,2022,2.2
Bulgaria,BGR,2000,35.7
Bulgaria,BGR,2005,36
Bulgaria,BGR,2007,36.4
Bulgaria,BGR,2010,36.6
Bulgaria,BGR,2015,37.4
Bulgaria,BGR,2020,38.1
Bulgaria,BGR,2021,38.5
Bulgaria,BGR,2022,38.7
Burkina Faso,BFA,2000,24.6
Burkina Faso,BFA,2005,17.7
Burkina Faso,BFA,2007,15.5
Burkina Faso,BFA,2010,12.7
Burkina Faso,BFA,2015,9.3
Burkina Faso,BFA,2020,6.8
Burkina Faso,BFA,2021,6.4
Burkina Faso,BFA,2022,6
Burundi,BDI,2000,20
Burundi,BDI,2005,14.5
Burundi,BDI,2007,12.9
Burundi,BDI,2010,10.7
Burundi,BDI,2015,7.9
Burundi,BDI,2020,5.9
Burundi,BDI,2021,5.6
Burundi,BDI,2022,5.3
Cambodia,KHM,2000,23.5
Cambodia,KHM,2005,16.9
Cambodia,KHM,2007,14.9
Cambodia,KHM,2010,12.3
Cambodia,KHM,2015,8.9
Cambodia,KHM,2020,6.5
Cambodia,KHM,2021,6.1
Cambodia,KHM,2022,5.7
Cameroon,CMR,2000,4.8
Cameroon,CMR,2005,3.5
Cameroon,CMR,2007,3.1
Cameroon,CMR,2010,2.6
Cameroon,CMR,2015,1.9
Cameroon,CMR,2020,1.4
Cameroon,CMR,2021,1.4
Cameroon,CMR,2022,1.3
Canada,CAN,2000,26.8
Canada,CAN,2005,21.2
Canada,CAN,2007,19.3
Canada,CAN,2010,17
Canada,CAN,2015,13.5
Canada,CAN,2020,10.7
Canada,CAN,2021,10.2
Canada,CAN,2022,9.7
Cape Verde,CPV,2000,12.8
Cape Verde,CPV,2005,10.4
Cape Verde,CPV,2007,9.5
Cape Verde,CPV,2010,8.4
Cape Verde,CPV,2015,6.9
Cape Verde,CPV,2020,5.6
Cape Verde,CPV,2021,5.4
Cape Verde,CPV,2022,5.2
Chad,TCD,2000,3.3
Chad,TCD,2005,2.8
Chad,TCD,2007,2.6
Chad,TCD,2010,2.3
Chad,TCD,2015,2
Chad,TCD,2020,1.7
Chad,TCD,2021,1.6
Chad,TCD,2022,1.6
Chile,CHL,2000,42.5
Chile,CHL,2005,38.2
Chile,CHL,2007,36.5
Chile,CHL,2010,34.3
Chile,CHL,2015,30.9
Chile,CHL,2020,27.9
Chile,CHL,2021,27.4
Chile,CHL,2022,26.7
China,CHN,2000,3.2
China,CHN,2005,2.7
China,CHN,2007,2.6
China,CHN,2010,2.3
China,CHN,2015,2
China,CHN,2020,1.7
China,CHN,2021,1.6
China,CHN,2022,1.6
Colombia,COL,2000,8.6
Colombia,COL,2005,7.3
Colombia,COL,2007,6.9
Colombia,COL,2010,6.2
Colombia,COL,2015,5.4
Colombia,COL,2020,4.6
Colombia,COL,2021,4.5
Colombia,COL,2022,4.4
Comoros,COM,2000,56.6
Comoros,COM,2005,34.8
Comoros,COM,2007,28.7
Comoros,COM,2010,21.4
Comoros,COM,2015,13.1
Comoros,COM,2020,8.1
Comoros,COM,2021,7.4
Comoros,COM,2022,6.7
Congo,COG,2000,5.7
Congo,COG,2005,4.5
Congo,COG,2007,4
Congo,COG,2010,3.5
Congo,COG,2015,2.8
Congo,COG,2020,2.2
Congo,COG,2021,2.1
Congo,COG,2022,2.1
Cook Islands,COK,2000,33.2
Cook Islands,COK,2005,30.3
Cook Islands,COK,2007,29.1
Cook Islands,COK,2010,27.4
Cook Islands,COK,2015,25.3
Cook Islands,COK,2020,23
Cook Islands,COK,2021,22.6
Cook Islands,COK,2022,22.2
Costa Rica,CRI,2000,9.5
Costa Rica,CRI,2005,8
Costa Rica,CRI,2007,7.5
Costa Rica,CRI,2010,6.8
Costa Rica,CRI,2015,5.7
Costa Rica,CRI,2020,4.9
Costa Rica,CRI,2021,4.7
Costa Rica,CRI,2022,4.5
Cote d'Ivoire,CIV,2000,3
Cote d'Ivoire,CIV,2005,2.2
Cote d'Ivoire,CIV,2007,1.9
Cote d'Ivoire,CIV,2010,1.6
Cote d'Ivoire,CIV,2015,1.2
Cote d'Ivoire,CIV,2020,0.9
Cote d'Ivoire,CIV,2021,0.8
Cote d'Ivoire,CIV,2022,0.8
Croatia,HRV,2000,27.5
Croatia,HRV,2005,29.4
Croatia,HRV,2007,30.3
Croatia,HRV,2010,31.6
Croatia,HRV,2015,33.8
Croatia,HRV,2020,36.2
Croatia,HRV,2021,36.7
Croatia,HRV,2022,37.3
Cuba,CUB,2000,29.7
Cuba,CUB,2005,22.9
Cuba,CUB,2007,20.7
Cuba,CUB,2010,17.7
Cuba,CUB,2015,13.6
Cuba,CUB,2020,10.5
Cuba,CUB,2021,10
Cuba,CUB,2022,9.5
Cyprus,CYP,2000,21.1
Cyprus,CYP,2005,21.7
Cyprus,CYP,2007,21.8
Cyprus,CYP,2010,22
Cyprus,CYP,2015,22.9
Cyprus,CYP,2020,23.6
Cyprus,CYP,2021,23.8
Cyprus,CYP,2022,23.9
Czechia,CZE,2000,28.4
Czechia,CZE,2005,27.8
Czechia,CZE,2007,27.8
Czechia,CZE,2010,27.4
Czechia,CZE,2015,27.1
Czechia,CZE,2020,26.8
Czechia,CZE,2021,26.7
Czechia,CZE,2022,26.5
Democratic Republic of Congo,COD,2000,8.1
Democratic Republic of Congo,COD,2005,6.2
Democratic Republic of Congo,COD,2007,5.6
Democratic Republic of Congo,COD,2010,4.8
Democratic Republic of Congo,COD,2015,3.8
Democratic Republic of Congo,COD,2020,3
Democratic Republic of Congo,COD,2021,2.9
Democratic Republic of Congo,COD,2022,2.8
Denmark,DNK,2000,34.7
Denmark,DNK,2005,29.1
Denmark,DNK,2007,27.1
Denmark,DNK,2010,24.4
Denmark,DNK,2015,20.5
Denmark,DNK,2020,17.2
Denmark,DNK,2021,16.6
Denmark,DNK,2022,16.1
Dominican Republic,DOM,2000,16.1
Dominican Republic,DOM,2005,13.1
Dominican Republic,DOM,2007,12.1
Dominican Republic,DOM,2010,10.7
Dominican Republic,DOM,2015,8.7
Dominican Republic,DOM,2020,7.1
Dominican Republic,DOM,2021,6.8
Dominican Republic,DOM,2022,6.6
East Timor,TLS,2000,21.2
East Timor,TLS,2005,18
East Timor,TLS,2007,16.8
East Timor,TLS,2010,15.2
East Timor,TLS,2015,13
East Timor,TLS,2020,11.1
East Timor,TLS,2021,10.8
East Timor,TLS,2022,10.5
Ecuador,ECU,2000,6.2
Ecuador,ECU,2005,5.1
Ecuador,ECU,2007,4.7
Ecuador,ECU,2010,4.2
Ecuador,ECU,2015,3.4
Ecuador,ECU,2020,2.8
Ecuador,ECU,2021,2.7
Ecuador,ECU,2022,2.6
Egypt,EGY,2000,0.9
Egypt,EGY,2005,0.7
Egypt,EGY,2007,0.7
Egypt,EGY,2010,0.6
Egypt,EGY,2015,0.5
Egypt,EGY,2020,0.4
Egypt,EGY,2021,0.4
Egypt,EGY,2022,0.4
El Salvador,SLV,2000,3.9
El Salvador,SLV,2005,3.3
El Salvador,SLV,2007,3.1
El Salvador,SLV,2010,2.8
El Salvador,SLV,2015,2.3
El Salvador,SLV,2020,2
El Salvador,SLV,2021,1.9
El Salvador,SLV,2022,1.9
Estonia,EST,2000,30.8
Estonia,EST,2005,28.7
Estonia,EST,2007,28
Estonia,EST,2010,26.9
Estonia,EST,2015,25.1
Estonia,EST,2020,23.5
Estonia,EST,2021,23.1
Estonia,EST,2022,22.8
Eswatini,SWZ,2000,5.6
Eswatini,SWZ,2005,4.1
Eswatini,SWZ,2007,3.6
Eswatini,SWZ,2010,3.1
Eswatini,SWZ,2015,2.3
Eswatini,SWZ,2020,1.7
Eswatini,SWZ,2021,1.6
Eswatini,SWZ,2022,1.5
Ethiopia,ETH,2000,1.6
Ethiopia,ETH,2005,1.6
Ethiopia,ETH,2007,1.6
Ethiopia,ETH,2010,1.6
Ethiopia,ETH,2015,1.5
Ethiopia,ETH,2020,1.5
Ethiopia,ETH,2021,1.5
Ethiopia,ETH,2022,1.5
Europe,,2000,24.817747
Europe,,2005,23.383986
Europe,,2007,22.935265
Europe,,2010,22.333603
Europe,,2015,21.459517
Europe,,2020,20.821865
Europe,,2021,20.666187
Europe,,2022,20.63033
Fiji,FJI,2000,15.9
Fiji,FJI,2005,15.3
Fiji,FJI,2007,14.9
Fiji,FJI,2010,14.5
Fiji,FJI,2015,13.9
Fiji,FJI,2020,13.4
Fiji,FJI,2021,13.3
Fiji,FJI,2022,13.2
Finland,FIN,2000,28.3
Finland,FIN,2005,25.6
Finland,FIN,2007,24.7
Finland,FIN,2010,23.3
Finland,FIN,2015,21.1
Finland,FIN,2020,19.1
Finland,FIN,2021,18.8
Finland,FIN,2022,18.5
France,FRA,2000,30.1
France,FRA,2005,30.8
France,FRA,2007,31.2
France,FRA,2010,31.6
France,FRA,2015,32.5
France,FRA,2020,33.3
France,FRA,2021,33.4
France,FRA,2022,33.7
Gambia,GMB,2000,4.2
Gambia,GMB,2005,2.7
Gambia,GMB,2007,2.3
Gambia,GMB,2010,1.8
Gambia,GMB,2015,1.2
Gambia,GMB,2020,0.8
Gambia,GMB,2021,0.7
Gambia,GMB,2022,0.7
Georgia,GEO,2000,5.4
Georgia,GEO,2005,5.8
Georgia,GEO,2007,6
Georgia,GEO,2010,6.3
Georgia,GEO,2015,6.8
Georgia,GEO,2020,7.4
Georgia,GEO,2021,7.5
Georgia,GEO,2022,7.6
Germany,DEU,2000,31.6
Germany,DEU,2005,28.3
Germany,DEU,2007,27
Germany,DEU,2010,25.3
Germany,DEU,2015,22.6
Germany,DEU,2020,20.2
Germany,DEU,2021,19.7
Germany,DEU,2022,19.3
Ghana,GHA,2000,1.1
Ghana,GHA,2005,0.8
Ghana,GHA,2007,0.8
Ghana,GHA,2010,0.6
Ghana,GHA,2015,0.5
Ghana,GHA,2020,0.4
Ghana,GHA,2021,0.3
Ghana,GHA,2022,0.3
Greece,GRC,2000,44.4
Greece,GRC,2005,40.5
Greece,GRC,2007,39
Greece,GRC,2010,37
Greece,GRC,2015,34
Greece,GRC,2020,31.5
Greece,GRC,2021,30.9
Greece,GRC,2022,30.6
Guatemala,GTM,2000,3.2
Guatemala,GTM,2005,2.8
Guatemala,GTM,2007,2.6
Guatemala,GTM,2010,2.4
Guatemala,GTM,2015,2.1
Guatemala,GTM,2020,1.8
Guatemala,GTM,2021,1.7
Guatemala,GTM,2022,1.7
Guinea-Bissau,GNB,2000,2.6
Guinea-Bissau,GNB,2005,1.8
Guinea-Bissau,GNB,2007,1.6
Guinea-Bissau,GNB,2010,1.3
Guinea-Bissau,GNB,2015,1
Guinea-Bissau,GNB,2020,0.7
Guinea-Bissau,GNB,2021,0.7
Guinea-Bissau,GNB,2022,0.6
Guyana,GUY,2000,5.7
Guyana,GUY,2005,4.5
Guyana,GUY,2007,4.1
Guyana,GUY,2010,3.6
Guyana,GUY,2015,2.9
Guyana,GUY,2020,2.4
Guyana,GUY,2021,2.3
Guyana,GUY,2022,2.2
Haiti,HTI,2000,5.7
Haiti,HTI,2005,4.7
Haiti,HTI,2007,4.4
Haiti,HTI,2010,3.9
Haiti,HTI,2015,3.2
Haiti,HTI,2020,2.7
Haiti,HTI,2021,2.6
Haiti,HTI,2022,2.5
High-income countries,,2000,23.491554
High-income countries,,2005,21.73476
High-income countries,,2007,21.1098
High-income countries,,2010,20.266281
High-income countries,,2015,19.005865
High-income countries,,2020,18.011183
High-income countries,,2021,17.767893
High-income countries,,2022,17.608013
Honduras,HND,2000,3.3
Honduras,HND,2005,2.8
Honduras,HND,2007,2.7
Honduras,HND,2010,2.4
Honduras,HND,2015,2.1
Honduras,HND,2020,1.8
Honduras,HND,2021,1.7
Honduras,HND,2022,1.7
Hungary,HUN,2000,31.9
Hungary,HUN,2005,30.8
Hungary,HUN,2007,30.5
Hungary,HUN,2010,29.9
Hungary,HUN,2015,29.1
Hungary,HUN,2020,28.5
Hungary,HUN,2021,28.3
Hungary,HUN,2022,28.1
Iceland,ISL,2000,30.3
Iceland,ISL,2005,23.2
Iceland,ISL,2007,20.9
Iceland,ISL,2010,17.7
Iceland,ISL,2015,13.6
Iceland,ISL,2020,10.4
Iceland,ISL,2021,9.9
Iceland,ISL,2022,9.4
India,IND,2000,40.8
India,IND,2005,30.8
India,IND,2007,27.4
India,IND,2010,22.6
India,IND,2015,16.6
India,IND,2020,12.2
India,IND,2021,11.5
India,IND,2022,10.8
Indonesia,IDN,2000,7.4
Indonesia,IDN,2005,6.2
Indonesia,IDN,2007,5.8
Indonesia,IDN,2010,5.1
Indonesia,IDN,2015,4.3
Indonesia,IDN,2020,3.6
Indonesia,IDN,2021,3.4
Indonesia,IDN,2022,3.3
Iran,IRN,2000,8.2
Iran,IRN,2005,6.5
Iran,IRN,2007,5.9
Iran,IRN,2010,5.2
Iran,IRN,2015,4.1
Iran,IRN,2020,3.3
Iran,IRN,2021,3.1
Iran,IRN,2022,3
Iraq,IRQ,2000,7.1
Iraq,IRQ,2005,5.1
Iraq,IRQ,2007,4.5
Iraq,IRQ,2010,3.7
Iraq,IRQ,2015,2.7
Iraq,IRQ,2020,2
Iraq,IRQ,2021,1.8
Iraq,IRQ,2022,1.7
Ireland,IRL,2000,36.3
Ireland,IRL,2005,30.4
Ireland,IRL,2007,28.4
Ireland,IRL,2010,25.7
Ireland,IRL,2015,21.5
Ireland,IRL,2020,18.2
Ireland,IRL,2021,17.6
Ireland,IRL,2022,17
Israel,ISR,2000,23.1
Israel,ISR,2005,20.4
Israel,ISR,2007,19.6
Israel,ISR,2010,18.2
Israel,ISR,2015,16.2
Israel,ISR,2020,14.5
Israel,ISR,2021,14.2
Israel,ISR,2022,13.8
Italy,ITA,2000,19.2
Italy,ITA,2005,19.3
Italy,ITA,2007,19.2
Italy,ITA,2010,19.2
Italy,ITA,2015,19.2
Italy,ITA,2020,19.2
Italy,ITA,2021,19.1
Italy,ITA,2022,19.1
Jamaica,JAM,2000,8.8
Jamaica,JAM,2005,7.1
Jamaica,JAM,2007,6.5
Jamaica,JAM,2010,5.7
Jamaica,JAM,2015,4.6
Jamaica,JAM,2020,3.8
Jamaica,JAM,2021,3.6
Jamaica,JAM,2022,3.5
Japan,JPN,2000,14.7
Japan,JPN,2005,13.3
Japan,JPN,2007,12.8
Japan,JPN,2010,12
Japan,JPN,2015,11
Japan,JPN,2020,10
Japan,JPN,2021,9.8
Japan,JPN,2022,9.6
Jordan,JOR,2000,10.2
Jordan,JOR,2005,10.8
Jordan,JOR,2007,11.1
Jordan,JOR,2010,11.6
Jordan,JOR,2015,12.3
Jordan,JOR,2020,13.2
Jordan,JOR,2021,13.3
Jordan,JOR,2022,13.6
Kazakhstan,KAZ,2000,12
Kazakhstan,KAZ,2005,10.6
Kazakhstan,KAZ,2007,10.1
Kazakhstan,KAZ,2010,9.3
Kazakhstan,KAZ,2015,8.3
Kazakhstan,KAZ,2020,7.3
Kazakhstan,KAZ,2021,7.2
Kazakhstan,KAZ,2022,7
Kenya,KEN,2000,6.1
Kenya,KEN,2005,5
Kenya,KEN,2007,4.6
Kenya,KEN,2010,4.2
Kenya,KEN,2015,3.5
Kenya,KEN,2020,2.9
Kenya,KEN,2021,2.8
Kenya,KEN,2022,2.7
Kiribati,KIR,2000,53.9
Kiribati,KIR,2005,45.9
Kiribati,KIR,2007,42.9
Kiribati,KIR,2010,38.9
Kiribati,KIR,2015,33.3
Kiribati,KIR,2020,28.5
Kiribati,KIR,2021,27.7
Kiribati,KIR,2022,26.8
Kuwait,KWT,2000,5.1
Kuwait,KWT,2005,4.1
Kuwait,KWT,2007,3.8
Kuwait,KWT,2010,3.4
Kuwait,KWT,2015,2.8
Kuwait,KWT,2020,2.3
Kuwait,KWT,2021,2.2
Kuwait,KWT,2022,2.1
Kyrgyzstan,KGZ,2000,5.1
Kyrgyzstan,KGZ,2005,4.5
Kyrgyzstan,KGZ,2007,4.4
Kyrgyzstan,KGZ,2010,4.2
Kyrgyzstan,KGZ,2015,3.8
Kyrgyzstan,KGZ,2020,3.4
Kyrgyzstan,KGZ,2021,3.4
Kyrgyzstan,KGZ,2022,3.3
Laos,LAO,2000,33.2
Laos,LAO,2005,24.6
Laos,LAO,2007,21.9
Laos,LAO,2010,18.2
Laos,LAO,2015,13.5
Laos,LAO,2020,10.1
Laos,LAO,2021,9.6
Laos,LAO,2022,9
Latvia,LVA,2000,27.7
Latvia,LVA,2005,26
Latvia,LVA,2007,25.5
Latvia,LVA,2010,24.5
Latvia,LVA,2015,23
Latvia,LVA,2020,21.7
Latvia,LVA,2021,21.4
Latvia,LVA,2022,21.1
Lebanon,LBN,2000,31.5
Lebanon,LBN,2005,29.8
Lebanon,LBN,2007,29.4
Lebanon,LBN,2010,28.5
Lebanon,LBN,2015,27.3
Lebanon,LBN,2020,26.1
Lebanon,LBN,2021,25.8
Lebanon,LBN,2022,25.7
Lesotho,LSO,2000,17
Lesotho,LSO,2005,12.7
Lesotho,LSO,2007,11.4
Lesotho,LSO,2010,9.6
Lesotho,LSO,2015,7.3
Lesotho,LSO,2020,5.7
Lesotho,LSO,2021,5.4
Lesotho,LSO,2022,5.1
Liberia,LBR,2000,6.4
Liberia,LBR,2005,4.8
Liberia,LBR,2007,4.3
Liberia,LBR,2010,3.6
Liberia,LBR,2015,2.7
Liberia,LBR,2020,2.1
Liberia,LBR,2021,2
Liberia,LBR,2022,1.9
Lithuania,LTU,2000,26
Lithuania,LTU,2005,24.8
Lithuania,LTU,2007,24.4
Lithuania,LTU,2010,23.8
Lithuania,LTU,2015,22.8
Lithuania,LTU,2020,22
Lithuania,LTU,2021,21.8
Lithuania,LTU,2022,21.6
Low-income countries,,2000,10.510487
Low-income countries,,2005,8.059258
Low-income countries,,2007,7.264822
Low-income countries,,2010,6.2469873
Low-income countries,,2015,4.891732
Low-income countries,,2020,3.8736815
Low-income countries,,2021,3.7153282
Low-income countries,,2022,3.5544717
Lower-middle-income countries,,2000,29.42855
Lower-middle-income countries,,2005,22.39917
Lower-middle-income countries,,2007,19.965899
Lower-middle-income countries,,2010,16.606966
Lower-middle-income countries,,2015,12.368597
Lower-middle-income countries,,2020,9.204276
Lower-middle-income countries,,2021,8.6895
Lower-middle-income countries,,2022,8.187435
Luxembourg,LUX,2000,24.6
Luxembourg,LUX,2005,23.9
Luxembourg,LUX,2007,23.7
Luxembourg,LUX,2010,23.1
Luxembourg,LUX,2015,22.5
Luxembourg,LUX,2020,21.9
Luxembourg,LUX,2021,21.8
Luxembourg,LUX,2022,21.6
Madagascar,MDG,2000,48.5
Madagascar,MDG,2005,34.2
Madagascar,MDG,2007,29.8
Madagascar,MDG,2010,24.2
Madagascar,MDG,2015,17.2
Madagascar,MDG,2020,12.3
Madagascar,MDG,2021,11.5
Madagascar,MDG,2022,10.7
Malawi,MWI,2000,12.8
Malawi,MWI,2005,9.2
Malawi,MWI,2007,8
Malawi,MWI,2010,6.6
Malawi,MWI,2015,4.8
Malawi,MWI,2020,3.4
Malawi,MWI,2021,3.2
Malawi,MWI,2022,3
Malaysia,MYS,2000,5.4
Malaysia,MYS,2005,3.4
Malaysia,MYS,2007,2.9
Malaysia,MYS,2010,2.2
Malaysia,MYS,2015,1.4
Malaysia,MYS,2020,0.9
Malaysia,MYS,2021,0.8
Malaysia,MYS,2022,0.7
Maldives,MDV,2000,24.7
Maldives,MDV,2005,20.1
Maldives,MDV,2007,18.6
Maldives,MDV,2010,16.5
Maldives,MDV,2015,13.5
Maldives,MDV,2020,11.2
Maldives,MDV,2021,10.8
Maldives,MDV,2022,10.4
Mali,MLI,2000,4.6
Mali,MLI,2005,3.1
Mali,MLI,2007,2.7
Mali,MLI,2010,2.2
Mali,MLI,2015,1.5
Mali,MLI,2020,1
Mali,MLI,2021,1
Mali,MLI,2022,0.9
Malta,MLT,2000,24.5
Malta,MLT,2005,24.2
Malta,MLT,2007,23.9
Malta,MLT,2010,23.9
Malta,MLT,2015,23.4
Malta,MLT,2020,23.3
Malta,MLT,2021,23.3
Malta,MLT,2022,23.2
Marshall Islands,MHL,2000,9.5
Marshall Islands,MHL,2005,9.2
Marshall Islands,MHL,2007,9.1
Marshall Islands,MHL,2010,9
Marshall Islands,MHL,2015,8.8
Marshall Islands,MHL,2020,8.6
Marshall Islands,MHL,2021,8.5
Marshall Islands,MHL,2022,8.5
Mauritania,MRT,2000,7.1
Mauritania,MRT,2005,5.3
Mauritania,MRT,2007,4.7
Mauritania,MRT,2010,3.9
Mauritania,MRT,2015,3
Mauritania,MRT,2020,2.3
Mauritania,MRT,2021,2.1
Mauritania,MRT,2022,2
Mauritius,MUS,2000,4.8
Mauritius,MUS,2005,4.3
Mauritius,MUS,2007,4.1
Mauritius,MUS,2010,3.8
Mauritius,MUS,2015,3.4
Mauritius,MUS,2020,3.1
Mauritius,MUS,2021,3
Mauritius,MUS,2022,3
Mexico,MEX,2000,12
Mexico,MEX,2005,10.6
Mexico,MEX,2007,10.1
Mexico,MEX,2010,9.3
Mexico,MEX,2015,8.2
Mexico,MEX,2020,7.2
Mexico,MEX,2021,7
Mexico,MEX,2022,6.9
Moldova,MDA,2000,6
Moldova,MDA,2005,6.2
Moldova,MDA,2007,6.3
Moldova,MDA,2010,6.4
Moldova,MDA,2015,6.6
Moldova,MDA,2020,6.9
Moldova,MDA,2021,6.9
Moldova,MDA,2022,7
Mongolia,MNG,2000,8.6
Mongolia,MNG,2005,8.2
Mongolia,MNG,2007,8.1
Mongolia,MNG,2010,7.9
Mongolia,MNG,2015,7.6
Mongolia,MNG,2020,7.3
Mongolia,MNG,2021,7.3
Mongolia,MNG,2022,7.2
Montenegro,MNE,2000,36.4
Montenegro,MNE,2005,35.5
Montenegro,MNE,2007,35.1
Montenegro,MNE,2010,34.7
Montenegro,MNE,2015,33.9
Montenegro,MNE,2020,33.2
Montenegro,MNE,2021,33.3
Montenegro,MNE,2022,33.2
Morocco,MAR,2000,2.9
Morocco,MAR,2005,2.2
Morocco,MAR,2007,2
Morocco,MAR,2010,1.8
Morocco,MAR,2015,1.4
Morocco,MAR,2020,1.1
Morocco,MAR,2021,1.1
Morocco,MAR,2022,1
Myanmar,MMR,2000,48.6
Myanmar,MMR,2005,41.2
Myanmar,MMR,2007,38
Myanmar,MMR,2010,33.7
Myanmar,MMR,2015,26.9
Myanmar,MMR,2020,21.2
Myanmar,MMR,2021,20.2
Myanmar,MMR,2022,19.3
Namibia,NAM,2000,19.2
Namibia,NAM,2005,14.3
Namibia,NAM,2007,12.6
Namibia,NAM,2010,10.6
Namibia,NAM,2015,7.9
Namibia,NAM,2020,5.9
Namibia,NAM,2021,5.5
Namibia,NAM,2022,5.2
Nauru,NRU,2000,70
Nauru,NRU,2005,63.9
Nauru,NRU,2007,61.6
Nauru,NRU,2010,58.4
Nauru,NRU,2015,54.1
Nauru,NRU,2020,49.5
Nauru,NRU,2021,48.7
Nauru,NRU,2022,48.1
Nepal,NPL,2000,55.2
Nepal,NPL,2005,41.5
Nepal,NPL,2007,35.7
Nepal,NPL,2010,28.1
Nepal,NPL,2015,18.9
Nepal,NPL,2020,12.7
Nepal,NPL,2021,11.9
Nepal,NPL,2022,10.9
Netherlands,NLD,2000,31.8
Netherlands,NLD,2005,28
Netherlands,NLD,2007,27
Netherlands,NLD,2010,25.1
Netherlands,NLD,2015,22.5
Netherlands,NLD,2020,19.9
Netherlands,NLD,2021,19.4
Netherlands,NLD,2022,19
New Zealand,NZL,2000,29.6
New Zealand,NZL,2005,23.8
New Zealand,NZL,2007,21.7
New Zealand,NZL,2010,19
New Zealand,NZL,2015,15.2
New Zealand,NZL,2020,12.1
New Zealand,NZL,2021,11.6
New Zealand,NZL,2022,11.1
Niger,NER,2000,2.7
Niger,NER,2005,2.3
Niger,NER,2007,2.1
Niger,NER,2010,1.9
Niger,NER,2015,1.6
Niger,NER,2020,1.4
Niger,NER,2021,1.4
Niger,NER,2022,1.4
Nigeria,NGA,2000,2
Nigeria,NGA,2005,1.4
Nigeria,NGA,2007,1.2
Nigeria,NGA,2010,1
Nigeria,NGA,2015,0.7
Nigeria,NGA,2020,0.5
Nigeria,NGA,2021,0.5
Nigeria,NGA,2022,0.5
North America,,2000,21.363258
North America,,2005,19.144505
North America,,2007,18.332571
North America,,2010,17.243433
North America,,2015,15.615833
North America,,2020,14.258522
North America,,2021,13.895186
North America,,2022,13.683308
North Korea,PRK,2000,0
North Korea,PRK,2005,0
North Korea,PRK,2007,0
North Korea,PRK,2010,0
North Korea,PRK,2015,0
North Korea,PRK,2020,0
North Korea,PRK,2021,0
North Korea,PRK,2022,0
Norway,NOR,2000,43.6
Norway,NOR,2005,33.4
Norway,NOR,2007,30
Norway,NOR,2010,25.6
Norway,NOR,2015,19.7
Norway,NOR,2020,15.1
Norway,NOR,2021,14.3
Norway,NOR,2022,13.5
Oceania,,2000,25.38444
Oceania,,2005,21.91957
Oceania,,2007,20.690298
Oceania,,2010,19.058489
Oceania,,2015,16.611158
Oceania,,2020,14.506653
Oceania,,2021,14.20148
Oceania,,2022,13.854459
Oman,OMN,2000,0.6
Oman,OMN,2005,0.6
Oman,OMN,2007,0.5
Oman,OMN,2010,0.5
Oman,OMN,2015,0.5
Oman,OMN,2020,0.4
Oman,OMN,2021,0.4
Oman,OMN,2022,0.4
Pakistan,PAK,2000,20.6
Pakistan,PAK,2005,16
Pakistan,PAK,2007,14.5
Pakistan,PAK,2010,12.5
Pakistan,PAK,2015,9.8
Pakistan,PAK,2020,7.7
Pakistan,PAK,2021,7.3
Pakistan,PAK,2022,7
Palau,PLW,2000,14
Palau,PLW,2005,12.1
Palau,PLW,2007,11.3
Palau,PLW,2010,10.5
Palau,PLW,2015,9.1
Palau,PLW,2020,8
Palau,PLW,2021,7.8
Palau,PLW,2022,7.6
Panama,PAN,2000,5.6
Panama,PAN,2005,4.3
Panama,PAN,2007,3.9
Panama,PAN,2010,3.3
Panama,PAN,2015,2.6
Panama,PAN,2020,2
Panama,PAN,2021,2
Panama,PAN,2022,1.9
Papua New Guinea,PNG,2000,36.6
Papua New Guinea,PNG,2005,33.4
Papua New Guinea,PNG,2007,32.2
Papua New Guinea,PNG,2010,30.5
Papua New Guinea,PNG,2015,28
Papua New Guinea,PNG,2020,25.9
Papua New Guinea,PNG,2021,25.5
Papua New Guinea,PNG,2022,24.9
Paraguay,PRY,2000,14.5
Paraguay,PRY,2005,10.7
Paraguay,PRY,2007,9.4
Paraguay,PRY,2010,8
Paraguay,PRY,2015,5.9
Paraguay,PRY,2020,4.4
Paraguay,PRY,2021,4.2
Paraguay,PRY,2022,3.9
Peru,PER,2000,13.6
Peru,PER,2005,9.3
Peru,PER,2007,8
Peru,PER,2010,6.4
Peru,PER,2015,4.4
Peru,PER,2020,3.1
Peru,PER,2021,2.8
Peru,PER,2022,2.6
Philippines,PHL,2000,15.2
Philippines,PHL,2005,11.5
Philippines,PHL,2007,10.3
Philippines,PHL,2010,8.7
Philippines,PHL,2015,6.6
Philippines,PHL,2020,5
Philippines,PHL,2021,4.8
Philippines,PHL,2022,4.5
Poland,POL,2000,31.7
Poland,POL,2005,28.5
Poland,POL,2007,27.3
Poland,POL,2010,25.7
Poland,POL,2015,23.2
Poland,POL,2020,20.9
Poland,POL,2021,20.5
Poland,POL,2022,20.1
Portugal,PRT,2000,15.2
Portugal,PRT,2005,16.3
Portugal,PRT,2007,16.8
Portugal,PRT,2010,17.5
Portugal,PRT,2015,18.8
Portugal,PRT,2020,20.3
Portugal,PRT,2021,20.6
Portugal,PRT,2022,20.7
Qatar,QAT,2000,2.8
Qatar,QAT,2005,2.7
Qatar,QAT,2007,2.6
Qatar,QAT,2010,2.5
Qatar,QAT,2015,2.4
Qatar,QAT,2020,2.3
Qatar,QAT,2021,2.3
Qatar,QAT,2022,2.3
Romania,ROU,2000,25.8
Romania,ROU,2005,24.7
Romania,ROU,2007,24.2
Romania,ROU,2010,23.7
Romania,ROU,2015,22.7
Romania,ROU,2020,21.9
Romania,ROU,2021,21.7
Romania,ROU,2022,21.5
Russia,RUS,2000,12
Russia,RUS,2005,13
Russia,RUS,2007,13.5
Russia,RUS,2010,14.2
Russia,RUS,2015,15.4
Russia,RUS,2020,16.8
Russia,RUS,2021,17
Russia,RUS,2022,17.4
Rwanda,RWA,2000,14.4
Rwanda,RWA,2005,12.3
Rwanda,RWA,2007,11.6
Rwanda,RWA,2010,10.6
Rwanda,RWA,2015,9.2
Rwanda,RWA,2020,8
Rwanda,RWA,2021,7.8
Rwanda,RWA,2022,7.6
Saint Lucia,LCA,2000,7.3
Saint Lucia,LCA,2005,5.9
Saint Lucia,LCA,2007,5.4
Saint Lucia,LCA,2010,4.8
Saint Lucia,LCA,2015,3.9
Saint Lucia,LCA,2020,3.2
Saint Lucia,LCA,2021,3.1
Saint Lucia,LCA,2022,3
Samoa,WSM,2000,24
Samoa,WSM,2005,21
Samoa,WSM,2007,19.8
Samoa,WSM,2010,18.3
Samoa,WSM,2015,16
Samoa,WSM,2020,14.1
Samoa,WSM,2021,13.7
Samoa,WSM,2022,13.4
Sao Tome and Principe,STP,2000,3.8
Sao Tome and Principe,STP,2005,3.2
Sao Tome and Principe,STP,2007,3
Sao Tome and Principe,STP,2010,2.8
Sao Tome and Principe,STP,2015,2.4
Sao Tome and Principe,STP,2020,2.1
Sao Tome and Principe,STP,2021,2
Sao Tome and Principe,STP,2022,2
Saudi Arabia,SAU,2000,3.6
Saudi Arabia,SAU,2005,3.1
Saudi Arabia,SAU,2007,3
Saudi Arabia,SAU,2010,2.7
Saudi Arabia,SAU,2015,2.4
Saudi Arabia,SAU,2020,2.2
Saudi Arabia,SAU,2021,2.2
Saudi Arabia,SAU,2022,2.1
Senegal,SEN,2000,1.7
Senegal,SEN,2005,1.3
Senegal,SEN,2007,1.2
Senegal,SEN,2010,1.1
Senegal,SEN,2015,0.9
Senegal,SEN,2020,0.7
Senegal,SEN,2021,0.7
Senegal,SEN,2022,0.7
Serbia,SRB,2000,39.1
Serbia,SRB,2005,38.9
Serbia,SRB,2007,39.1
Serbia,SRB,2010,39.1
Serbia,SRB,2015,39
Serbia,SRB,2020,39.2
Serbia,SRB,2021,39.1
Serbia,SRB,2022,39.1
Seychelles,SYC,2000,17.9
Seychelles,SYC,2005,13.8
Seychelles,SYC,2007,12.3
Seychelles,SYC,2010,10.6
Seychelles,SYC,2015,8.2
Seychelles,SYC,2020,6.4
Seychelles,SYC,2021,6.1
Seychelles,SYC,2022,5.8
Sierra Leone,SLE,2000,14.8
Sierra Leone,SLE,2005,12
Sierra Leone,SLE,2007,10.9
Sierra Leone,SLE,2010,9.6
Sierra Leone,SLE,2015,7.9
Sierra Leone,SLE,2020,6.4
Sierra Leone,SLE,2021,6.2
Sierra Leone,SLE,2022,5.9
Singapore,SGP,2000,5.8
Singapore,SGP,2005,5.5
Singapore,SGP,2007,5.4
Singapore,SGP,2010,5.3
Singapore,SGP,2015,5.1
Singapore,SGP,2020,4.9
Singapore,SGP,2021,4.9
Singapore,SGP,2022,4.9
Slovakia,SVK,2000,20.7
Slovakia,SVK,2005,22
Slovakia,SVK,2007,22.8
Slovakia,SVK,2010,23.7
Slovakia,SVK,2015,25.5
Slovakia,SVK,2020,27.6
Slovakia,SVK,2021,28
Slovakia,SVK,2022,28.5
Slovenia,SVN,2000,23.1
Slovenia,SVN,2005,22
Slovenia,SVN,2007,21.5
Slovenia,SVN,2010,20.9
Slovenia,SVN,2015,19.9
Slovenia,SVN,2020,18.9
Slovenia,SVN,2021,18.8
Slovenia,SVN,2022,18.5
Solomon Islands,SLB,2000,26.6
Solomon Islands,SLB,2005,24.6
Solomon Islands,SLB,2007,23.7
Solomon Islands,SLB,2010,22.8
Solomon Islands,SLB,2015,21.2
Solomon Islands,SLB,2020,19.9
Solomon Islands,SLB,2021,19.6
Solomon Islands,SLB,2022,19.4
South Africa,ZAF,2000,11.7
South Africa,ZAF,2005,10.2
South Africa,ZAF,2007,9.7
South Africa,ZAF,2010,8.9
South Africa,ZAF,2015,7.8
South Africa,ZAF,2020,6.9
South Africa,ZAF,2021,6.7
South Africa,ZAF,2022,6.5
South America,,2000,19.112951
South America,,2005,16.058485
South America,,2007,15.044769
South America,,2010,13.675857
South America,,2015,11.661707
South America,,2020,10.032749
South America,,2021,9.688543
South America,,2022,9.45114
South Korea,KOR,2000,7.2
South Korea,KOR,2005,6.9
South Korea,KOR,2007,6.7
South Korea,KOR,2010,6.5
South Korea,KOR,2015,6.2
South Korea,KOR,2020,5.9
South Korea,KOR,2021,5.9
South Korea,KOR,2022,5.8
Spain,ESP,2000,27.6
Spain,ESP,2005,27.6
Spain,ESP,2007,27.6
Spain,ESP,2010,27.6
Spain,ESP,2015,27.5
Spain,ESP,2020,27.5
Spain,ESP,2021,27.5
Spain,ESP,2022,27.5
Sri Lanka,LKA,2000,9.3
Sri Lanka,LKA,2005,6.7
Sri Lanka,LKA,2007,5.8
Sri Lanka,LKA,2010,4.8
Sri Lanka,LKA,2015,3.5
Sri Lanka,LKA,2020,2.5
Sri Lanka,LKA,2021,2.3
Sri Lanka,LKA,2022,2.2
Sweden,SWE,2000,41.2
Sweden,SWE,2005,33.7
Sweden,SWE,2007,30.9
Sweden,SWE,2010,27.2
Sweden,SWE,2015,22
Sweden,SWE,2020,17.9
Sweden,SWE,2021,17.2
Sweden,SWE,2022,16.4
Switzerland,CHE,2000,23.6
Switzerland,CHE,2005,23.6
Switzerland,CHE,2007,23.3
Switzerland,CHE,2010,23.3
Switzerland,CHE,2015,23.2
Switzerland,CHE,2020,23.1
Switzerland,CHE,2021,23
Switzerland,CHE,2022,22.9
Tanzania,TZA,2000,7.5
Tanzania,TZA,2005,6.1
Tanzania,TZA,2007,5.7
Tanzania,TZA,2010,5.1
Tanzania,TZA,2015,4.2
Tanzania,TZA,2020,3.5
Tanzania,TZA,2021,3.4
Tanzania,TZA,2022,3.3
Thailand,THA,2000,3.2
Thailand,THA,2005,2.7
Thailand,THA,2007,2.5
Thailand,THA,2010,2.2
Thailand,THA,2015,1.9
Thailand,THA,2020,1.6
Thailand,THA,2021,1.5
Thailand,THA,2022,1.5
Togo,TGO,2000,5.6
Togo,TGO,2005,3.7
Togo,TGO,2007,3.2
Togo,TGO,2010,2.5
Togo,TGO,2015,1.7
Togo,TGO,2020,1.2
Togo,TGO,2021,1.1
Togo,TGO,2022,1
Tonga,TON,2000,13.7
Tonga,TON,2005,14.1
Tonga,TON,2007,14.2
Tonga,TON,2010,14.4
Tonga,TON,2015,14.9
Tonga,TON,2020,15.3
Tonga,TON,2021,15.4
Tonga,TON,2022,15.5
Tunisia,TUN,2000,4.4
Tunisia,TUN,2005,3.5
Tunisia,TUN,2007,3.1
Tunisia,TUN,2010,2.7
Tunisia,TUN,2015,2.1
Tunisia,TUN,2020,1.7
Tunisia,TUN,2021,1.6
Tunisia,TUN,2022,1.6
Turkey,TUR,2000,14.7
Turkey,TUR,2005,15.7
Turkey,TUR,2007,16.2
Turkey,TUR,2010,16.8
Turkey,TUR,2015,17.9
Turkey,TUR,2020,19.2
Turkey,TUR,2021,19.5
Turkey,TUR,2022,19.8
Turkmenistan,TKM,2000,0.7
Turkmenistan,TKM,2005,0.6
Turkmenistan,TKM,2007,0.6
Turkmenistan,TKM,2010,0.6
Turkmenistan,TKM,2015,0.5
Turkmenistan,TKM,2020,0.5
Turkmenistan,TKM,2021,0.5
Turkmenistan,TKM,2022,0.5
Tuvalu,TUV,2000,27.5
Tuvalu,TUV,2005,25.2
Tuvalu,TUV,2007,24.4
Tuvalu,TUV,2010,23.1
Tuvalu,TUV,2015,21.4
Tuvalu,TUV,2020,19.7
Tuvalu,TUV,2021,19.4
Tuvalu,TUV,2022,19.1
Uganda,UGA,2000,15.3
Uganda,UGA,2005,10.6
Uganda,UGA,2007,9.1
Uganda,UGA,2010,7.4
Uganda,UGA,2015,5.1
Uganda,UGA,2020,3.6
Uganda,UGA,2021,3.3
Uganda,UGA,2022,3.1
Ukraine,UKR,2000,14.1
Ukraine,UKR,2005,13.4
Ukraine,UKR,2007,13.2
Ukraine,UKR,2010,12.8
Ukraine,UKR,2015,12.2
Ukraine,UKR,2020,11.7
Ukraine,UKR,2021,11.6
Ukraine,UKR,2022,11.5
United Arab Emirates,ARE,2000,4
United Arab Emirates,ARE,2005,3.6
United Arab Emirates,ARE,2007,3.4
United Arab Emirates,ARE,2010,3.2
United Arab Emirates,ARE,2015,2.9
United Arab Emirates,ARE,2020,2.7
United Arab Emirates,ARE,2021,2.6
United Arab Emirates,ARE,2022,2.6
United Kingdom,GBR,2000,36.7
United Kingdom,GBR,2005,28.5
United Kingdom,GBR,2007,25.8
United Kingdom,GBR,2010,22.4
United Kingdom,GBR,2015,17.4
United Kingdom,GBR,2020,13.7
United Kingdom,GBR,2021,13
United Kingdom,GBR,2022,12.4
United States,USA,2000,25.3
United States,USA,2005,23.5
United States,USA,2007,22.8
United States,USA,2010,21.9
United States,USA,2015,20.5
United States,USA,2020,19.3
United States,USA,2021,18.9
United States,USA,2022,18.7
Upper-middle-income countries,,2000,7.1032267
Upper-middle-income countries,,2005,6.118942
Upper-middle-income countries,,2007,5.838083
Upper-middle-income countries,,2010,5.349944
Upper-middle-income countries,,2015,4.7631927
Upper-middle-income countries,,2020,4.262143
Upper-middle-income countries,,2021,4.1240587
Upper-middle-income countries,,2022,4.06697
Uruguay,URY,2000,29.5
Uruguay,URY,2005,26.2
Uruguay,URY,2007,25.1
Uruguay,URY,2010,23.3
Uruguay,URY,2015,20.7
Uruguay,URY,2020,18.4
Uruguay,URY,2021,18
Uruguay,URY,2022,17.5
Uzbekistan,UZB,2000,1.8
Uzbekistan,UZB,2005,1.6
Uzbekistan,UZB,2007,1.5
Uzbekistan,UZB,2010,1.4
Uzbekistan,UZB,2015,1.2
Uzbekistan,UZB,2020,1.1
Uzbekistan,UZB,2021,1.1
Uzbekistan,UZB,2022,1
Vietnam,VNM,2000,5
Vietnam,VNM,2005,4
Vietnam,VNM,2007,3.7
Vietnam,VNM,2010,3.3
Vietnam,VNM,2015,2.7
Vietnam,VNM,2020,2.2
Vietnam,VNM,2021,2.1
Vietnam,VNM,2022,2
World,OWID_WRL,2000,18.054106
World,OWID_WRL,2005,14.954368
World,OWID_WRL,2007,13.894652
World,OWID_WRL,2010,12.380781
World,OWID_WRL,2015,10.370221
World,OWID_WRL,2020,8.772525
World,OWID_WRL,2021,8.464765
World,OWID_WRL,2022,8.21562
Yemen,YEM,2000,16.5
Yemen,YEM,2005,14
Yemen,YEM,2007,13.1
Yemen,YEM,2010,11.9
Yemen,YEM,2015,10.2
Yemen,YEM,2020,8.7
Yemen,YEM,2021,8.5
Yemen,YEM,2022,8.2
Zambia,ZMB,2000,9.2
Zambia,ZMB,2005,7.4
Zambia,ZMB,2007,6.7
Zambia,ZMB,2010,5.9
Zambia,ZMB,2015,4.7
Zambia,ZMB,2020,3.8
Zambia,ZMB,2021,3.7
Zambia,ZMB,2022,3.5
Zimbabwe,ZWE,2000,5.2
Zimbabwe,ZWE,2005,3.7
Zimbabwe,ZWE,2007,3.2
Zimbabwe,ZWE,2010,2.6
Zimbabwe,ZWE,2015,1.8
Zimbabwe,ZWE,2020,1.3
Zimbabwe,ZWE,2021,1.2
Zimbabwe,ZWE,2022,1.2